Arist(s) Name,Track Name,Album Name,SpotifyID,Release Date,url,type,top,center,bottom
Taylor Swift , Tim McGraw , Taylor Swift (Deluxe Edition) , 2Fn01AIMyHbha2ceNQeOqw , 2006-10-24,spotify:track:2Fn01AIMyHbha2ceNQeOqw,Taylor Swift (Deluxe Edition),Tim McGraw,24/10/2006,Taylor Swift (Deluxe Edition)
Taylor Swift , Picture To Burn , Taylor Swift (Deluxe Edition) , 4BYejINgfZF0qKDMEH2cim , 2006-10-24,spotify:track:4BYejINgfZF0qKDMEH2cim,Taylor Swift (Deluxe Edition),Picture To Burn,24/10/2006,Taylor Swift (Deluxe Edition)
Taylor Swift , Teardrops On My Guitar - Radio Single Remix , Taylor Swift (Deluxe Edition) , 2TF4UtYreqNbQ6Z9AccldU , 2006-10-24,spotify:track:2TF4UtYreqNbQ6Z9AccldU,Taylor Swift (Deluxe Edition),Teardrops On My Guitar - Radio Single Remix,24/10/2006,Taylor Swift (Deluxe Edition)
Taylor Swift , A Place in this World , Taylor Swift (Deluxe Edition) , 1oR4MUBpyNrAViC8wPNpfm , 2006-10-24,spotify:track:1oR4MUBpyNrAViC8wPNpfm,Taylor Swift (Deluxe Edition),A Place in this World,24/10/2006,Taylor Swift (Deluxe Edition)
Taylor Swift , Cold As You , Taylor Swift (Deluxe Edition) , 569sXXQ7t0jSdqHooi2yqs , 2006-10-24,spotify:track:569sXXQ7t0jSdqHooi2yqs,Taylor Swift (Deluxe Edition),Cold As You,24/10/2006,Taylor Swift (Deluxe Edition)
Taylor Swift , The Outside , Taylor Swift (Deluxe Edition) , 5Tj2MqcFMf60CaGsKbM1aq , 2006-10-24,spotify:track:5Tj2MqcFMf60CaGsKbM1aq,Taylor Swift (Deluxe Edition),The Outside,24/10/2006,Taylor Swift (Deluxe Edition)
Taylor Swift , Tied Together with a Smile , Taylor Swift (Deluxe Edition) , 2zzxwmoOBnXDT0KnJsoIWk , 2006-10-24,spotify:track:2zzxwmoOBnXDT0KnJsoIWk,Taylor Swift (Deluxe Edition),Tied Together with a Smile,24/10/2006,Taylor Swift (Deluxe Edition)
Taylor Swift , Stay Beautiful , Taylor Swift (Deluxe Edition) , 41sjzdjScVwnxnxADElts6 , 2006-10-24,spotify:track:41sjzdjScVwnxnxADElts6,Taylor Swift (Deluxe Edition),Stay Beautiful,24/10/2006,Taylor Swift (Deluxe Edition)
Taylor Swift , Should've Said No , Taylor Swift (Deluxe Edition) , 6CdaXOq1MWe2JHDalTG01d , 2006-10-24,spotify:track:6CdaXOq1MWe2JHDalTG01d,Taylor Swift (Deluxe Edition),Should've Said No,24/10/2006,Taylor Swift (Deluxe Edition)
Taylor Swift , Mary's Song (Oh My My My) , Taylor Swift (Deluxe Edition) , 2O8sogKJCfVZ4rotBv1vVF , 2006-10-24,spotify:track:2O8sogKJCfVZ4rotBv1vVF,Taylor Swift (Deluxe Edition),Mary's Song (Oh My My My),24/10/2006,Taylor Swift (Deluxe Edition)
Taylor Swift , Our Song , Taylor Swift (Deluxe Edition) , 1j6gmK6u4WNI33lMZ8dC1s , 2006-10-24,spotify:track:1j6gmK6u4WNI33lMZ8dC1s,Taylor Swift (Deluxe Edition),Our Song,24/10/2006,Taylor Swift (Deluxe Edition)
Taylor Swift , I'm Only Me When I'm With You , Taylor Swift (Deluxe Edition) , 7CzxXgQXurKZCyHz9ufbo1 , 2006-10-24,spotify:track:7CzxXgQXurKZCyHz9ufbo1,Taylor Swift (Deluxe Edition),I'm Only Me When I'm With You,24/10/2006,Taylor Swift (Deluxe Edition)
Taylor Swift , Invisible , Taylor Swift (Deluxe Edition) , 1k3PzDNjg38cWqOvL4M9vq , 2006-10-24,spotify:track:1k3PzDNjg38cWqOvL4M9vq,Taylor Swift (Deluxe Edition),Invisible,24/10/2006,Taylor Swift (Deluxe Edition)
Taylor Swift , A Perfectly Good Heart , Taylor Swift (Deluxe Edition) , 0YgHuReCSPwTXYny7isLja , 2006-10-24,spotify:track:0YgHuReCSPwTXYny7isLja,Taylor Swift (Deluxe Edition),A Perfectly Good Heart,24/10/2006,Taylor Swift (Deluxe Edition)
Taylor Swift , Teardrops on My Guitar - Pop Version , Taylor Swift (Deluxe Edition) , 1hxLyjC9D9Jpw6EAPKqWv4 , 2006-10-24,spotify:track:1hxLyjC9D9Jpw6EAPKqWv4,Taylor Swift (Deluxe Edition),Teardrops on My Guitar - Pop Version,24/10/2006,Taylor Swift (Deluxe Edition)
Taylor Swift , Fearless , Fearless (Platinum Edition) , 2okho7vU7Nsq1UZD0kgIMi , 2008-11-11,spotify:track:2okho7vU7Nsq1UZD0kgIMi,Fearless (Platinum Edition),Fearless,11/11/2008,Fearless (Platinum Edition)
Taylor Swift,Untouchable, Fearless (Platinum Edition) ,6ovFJkdau79DuXEvQjPaNH, 2008-11-11,spotify:track:6ovFJkdau79DuXEvQjPaNH,Fearless (Platinum Edition),Untouchable,11/11/2008,Fearless (Platinum Edition)
Taylor Swift , Fifteen , Fearless (Platinum Edition) , 5Ora3Ish2A1JN5veGYTxhw , 2008-11-11,spotify:track:5Ora3Ish2A1JN5veGYTxhw,Fearless (Platinum Edition),Fifteen,11/11/2008,Fearless (Platinum Edition)
Taylor Swift , Love Story , Fearless (Platinum Edition) , 5hnJCRSo4pxRsaEwT9YusG , 2008-11-11,spotify:track:5hnJCRSo4pxRsaEwT9YusG,Fearless (Platinum Edition),Love Story,11/11/2008,Fearless (Platinum Edition)
Taylor Swift , Hey Stephen , Fearless (Platinum Edition) , 3CI1f4yLwdHzcUnH7o0Xyh , 2008-11-11,spotify:track:3CI1f4yLwdHzcUnH7o0Xyh,Fearless (Platinum Edition),Hey Stephen,11/11/2008,Fearless (Platinum Edition)
Taylor Swift , White Horse , Fearless (Platinum Edition) , 5yKB8qcTSflDercM2PXwot , 2008-11-11,spotify:track:5yKB8qcTSflDercM2PXwot,Fearless (Platinum Edition),White Horse,11/11/2008,Fearless (Platinum Edition)
Taylor Swift , You Belong With Me , Fearless (Platinum Edition) , 4kgTdThcDHfuDS2kKxB7Lc , 2008-11-11,spotify:track:4kgTdThcDHfuDS2kKxB7Lc,Fearless (Platinum Edition),You Belong With Me,11/11/2008,Fearless (Platinum Edition)
Taylor Swift; Colbie Caillat , Breathe , Fearless (Platinum Edition) , 23qIWGhpwvDgC23TyZOUck , 2008-11-11,spotify:track:23qIWGhpwvDgC23TyZOUck,Fearless (Platinum Edition),Breathe,11/11/2008,Fearless (Platinum Edition)
Taylor Swift , Tell Me Why , Fearless (Platinum Edition) , 4x7Gxk2GfwZJcqpoVT1PbR , 2008-11-11,spotify:track:4x7Gxk2GfwZJcqpoVT1PbR,Fearless (Platinum Edition),Tell Me Why,11/11/2008,Fearless (Platinum Edition)
Taylor Swift , You're Not Sorry , Fearless (Platinum Edition) , 3JhvYnOfKLJuWC7jEU0GmJ , 2008-11-11,spotify:track:3JhvYnOfKLJuWC7jEU0GmJ,Fearless (Platinum Edition),You're Not Sorry,11/11/2008,Fearless (Platinum Edition)
Taylor Swift , The Way I Loved You , Fearless (Platinum Edition) , 4pEZUytwBzha5Un6m3SCFf , 2008-11-11,spotify:track:4pEZUytwBzha5Un6m3SCFf,Fearless (Platinum Edition),The Way I Loved You,11/11/2008,Fearless (Platinum Edition)
Taylor Swift , Forever & Always , Fearless (Platinum Edition) , 3NKCWBT2uKp8rxSkcvIrdX , 2008-11-11,spotify:track:3NKCWBT2uKp8rxSkcvIrdX,Fearless (Platinum Edition),Forever & Always,11/11/2008,Fearless (Platinum Edition)
Taylor Swift , The Best Day , Fearless (Platinum Edition) , 7CjuAoOiSrwWv7wJonAUmw , 2008-11-11,spotify:track:7CjuAoOiSrwWv7wJonAUmw,Fearless (Platinum Edition),The Best Day,11/11/2008,Fearless (Platinum Edition)
Taylor Swift , Change , Fearless (Platinum Edition) , 3gFaNwyiafgUoQhR0pHYA9 , 2008-11-11,spotify:track:3gFaNwyiafgUoQhR0pHYA9,Fearless (Platinum Edition),Change,11/11/2008,Fearless (Platinum Edition)
Taylor Swift , Jump Then Fall , Fearless (Platinum Edition) , 6WWvcA62QlnRguluWAk6bv , 2008-11-11,spotify:track:6WWvcA62QlnRguluWAk6bv,Fearless (Platinum Edition),Jump Then Fall,11/11/2008,Fearless (Platinum Edition)
Taylor Swift , Untouchable , Fearless (Platinum Edition) , 6ovFJkdau79DuXEvQjPaNH , 2008-11-11,spotify:track:6ovFJkdau79DuXEvQjPaNH,Fearless (Platinum Edition),Untouchable,11/11/2008,Fearless (Platinum Edition)
Taylor Swift , Forever & Always - Piano Version , Fearless (Platinum Edition) , 13MAWVUSkbGMUi6I7RowRK , 2008-11-11,spotify:track:13MAWVUSkbGMUi6I7RowRK,Fearless (Platinum Edition),Forever & Always - Piano Version,11/11/2008,Fearless (Platinum Edition)
Taylor Swift , Come In With The Rain , Fearless (Platinum Edition) , 0cEG04R5cldkTLzK6phlcn , 2008-11-11,spotify:track:0cEG04R5cldkTLzK6phlcn,Fearless (Platinum Edition),Come In With The Rain,11/11/2008,Fearless (Platinum Edition)
Taylor Swift , SuperStar , Fearless (Platinum Edition) , 0XfTh16YcKPzdxMPTeKTAq , 2008-11-11,spotify:track:0XfTh16YcKPzdxMPTeKTAq,Fearless (Platinum Edition),SuperStar,11/11/2008,Fearless (Platinum Edition)
Taylor Swift , The Other Side Of The Door , Fearless (Platinum Edition) , 1yDJcXc549N6AabNBzFAku , 2008-11-11,spotify:track:1yDJcXc549N6AabNBzFAku,Fearless (Platinum Edition),The Other Side Of The Door,11/11/2008,Fearless (Platinum Edition)
Taylor Swift , Crazier , Hannah Montana The Movie , 5vyxXfD5gLlyPxGZMEjtmd , 2009-03-24,spotify:track:5vyxXfD5gLlyPxGZMEjtmd,MISC,Crazier,24/03/2009,Hannah Montana The Movie
BOYS LIKE GIRLS; Taylor Swift , Two Is Better Than One (BOYS LIKE GIRLS feat. Taylor Swift) , Love Drunk , 1MaqkdFNIKPdpQGDzme5ss , 2009-09-07,spotify:track:1MaqkdFNIKPdpQGDzme5ss,MISC,Two Is Better Than One (BOYS LIKE GIRLS feat. Taylor Swift),07/09/2009,Love Drunk
Taylor Swift , Mine , Speak Now (Deluxe Package) , 67Io3gxHwfbUreBf114c0u , 2010-10-25,spotify:track:67Io3gxHwfbUreBf114c0u,Speak Now,Mine,25/10/2010,Speak Now (Deluxe Package)
Taylor Swift , Ours , Speak Now (Deluxe Package) , 0hK93KD6Y0j9giUGh4Valj , 2010-10-25,spotify:track:0hK93KD6Y0j9giUGh4Valj,Speak Now,Ours,25/10/2010,Speak Now (Deluxe Package)
Taylor Swift , If This Was A Movie , Speak Now (Deluxe Package) , 5tSmAABuoOfR59lrtXdDqm , 2010-10-25,spotify:track:5tSmAABuoOfR59lrtXdDqm,Speak Now,If This Was A Movie,25/10/2010,Speak Now (Deluxe Package)
Taylor Swift , Superman , Speak Now (Deluxe Package) , 6aJ0ipi4EPmu1aTbFeXZnw , 2010-10-25,spotify:track:6aJ0ipi4EPmu1aTbFeXZnw,Speak Now,Superman,25/10/2010,Speak Now (Deluxe Package)
Taylor Swift , Back To December - Acoustic , Speak Now (Deluxe Package) , 7k7BOXE4u6luKTwcLEAyrd , 2010-10-25,spotify:track:7k7BOXE4u6luKTwcLEAyrd,Speak Now,Back To December - Acoustic,25/10/2010,Speak Now (Deluxe Package)
Taylor Swift , Haunted - Acoustic Version , Speak Now (Deluxe Package) , 6SdBf0ZsJZoKaH5zcDaz9X , 2010-10-25,spotify:track:6SdBf0ZsJZoKaH5zcDaz9X,Speak Now,Haunted - Acoustic Version,25/10/2010,Speak Now (Deluxe Package)
Taylor Swift , Sparks Fly , Speak Now , 46NGAvL695VnbcSeTmQWmM , 2010-10-25,spotify:track:46NGAvL695VnbcSeTmQWmM,Speak Now,Sparks Fly,25/10/2010,Speak Now
Taylor Swift , Back To December , Speak Now , 5l6GqSxplqnZbLg0LTPQeG , 2010-10-25,spotify:track:5l6GqSxplqnZbLg0LTPQeG,Speak Now,Back To December,25/10/2010,Speak Now
Taylor Swift , Speak Now , Speak Now , 7dXKdjpOaH2iwfFKmUj7aq , 2010-10-25,spotify:track:7dXKdjpOaH2iwfFKmUj7aq,Speak Now,Speak Now,25/10/2010,Speak Now
Taylor Swift , Dear John , Speak Now , 3K2es3gElMRJ3qvmPW442g , 2010-10-25,spotify:track:3K2es3gElMRJ3qvmPW442g,Speak Now,Dear John,25/10/2010,Speak Now
Taylor Swift , Mean , Speak Now , 0KztjtD3ytzgYjUKIVfBnW , 2010-10-25,spotify:track:0KztjtD3ytzgYjUKIVfBnW,Speak Now,Mean,25/10/2010,Speak Now
Taylor Swift , The Story Of Us , Speak Now , 3lXekiVK1ZPZbKconsys73 , 2010-10-25,spotify:track:3lXekiVK1ZPZbKconsys73,Speak Now,The Story Of Us,25/10/2010,Speak Now
Taylor Swift , Never Grow Up , Speak Now , 3JilapcaOXzjR9gtvCY8FO , 2010-10-25,spotify:track:3JilapcaOXzjR9gtvCY8FO,Speak Now,Never Grow Up,25/10/2010,Speak Now
Taylor Swift , Enchanted , Speak Now , 04S1pkp1VaIqjg8zZqknR5 , 2010-10-25,spotify:track:04S1pkp1VaIqjg8zZqknR5,Speak Now,Enchanted,25/10/2010,Speak Now
Taylor Swift , Better Than Revenge , Speak Now , 0PWgAyoxsjwGRuFSO0fyya , 2010-10-25,spotify:track:0PWgAyoxsjwGRuFSO0fyya,Speak Now,Better Than Revenge,25/10/2010,Speak Now
Taylor Swift , Innocent , Speak Now , 0mTgFzkDgSAF3nJY25XCXG , 2010-10-25,spotify:track:0mTgFzkDgSAF3nJY25XCXG,Speak Now,Innocent,25/10/2010,Speak Now
Taylor Swift , Haunted , Speak Now , 2YjKcFQ1vYFhQPgsmCOjss , 2010-10-25,spotify:track:2YjKcFQ1vYFhQPgsmCOjss,Speak Now,Haunted,25/10/2010,Speak Now
Taylor Swift , Last Kiss , Speak Now , 4EUQXLipplO2v9mVaqQtjc , 2010-10-25,spotify:track:4EUQXLipplO2v9mVaqQtjc,Speak Now,Last Kiss,25/10/2010,Speak Now
Taylor Swift , Long Live , Speak Now , 4ewAfHYpDTzpW1GKO44CVP , 2010-10-25,spotify:track:4ewAfHYpDTzpW1GKO44CVP,Speak Now,Long Live,25/10/2010,Speak Now
B.o.B; Taylor Swift , Both of Us (B.o.B feat. Taylor Swift) , Strange Clouds , 3r9bgSJlJz2zlevcBRYXko , 2012-04-27,spotify:track:3r9bgSJlJz2zlevcBRYXko,MISC,Both of Us (B.o.B feat. Taylor Swift),27/04/2012,Strange Clouds
Taylor Swift , State Of Grace , Red (Deluxe Edition) , 0b16LTzby1YRVd2nq2Z0fw , 2012-10-22,spotify:track:0b16LTzby1YRVd2nq2Z0fw,Red (Deluxe Edition),State Of Grace,22/10/2012,Red (Deluxe Edition)
Taylor Swift , Red , Red (Deluxe Edition) , 7gJtmLyPTwKzhGzMBXtuXH , 2012-10-22,spotify:track:7gJtmLyPTwKzhGzMBXtuXH,Red (Deluxe Edition),Red,22/10/2012,Red (Deluxe Edition)
Taylor Swift , Treacherous , Red (Deluxe Edition) , 7nECwCDHS1JvQbrmuorZIH , 2012-10-22,spotify:track:7nECwCDHS1JvQbrmuorZIH,Red (Deluxe Edition),Treacherous,22/10/2012,Red (Deluxe Edition)
Taylor Swift , I Knew You Were Trouble. , Red (Deluxe Edition) , 3lKZf71jeNi14udIFPJ29V , 2012-10-22,spotify:track:3lKZf71jeNi14udIFPJ29V,Red (Deluxe Edition),I Knew You Were Trouble.,22/10/2012,Red (Deluxe Edition)
Taylor Swift , All Too Well , Red (Deluxe Edition) , 6GNRkaWUB0Lwc19SdkTgx8 , 2012-10-22,spotify:track:6GNRkaWUB0Lwc19SdkTgx8,Red (Deluxe Edition),All Too Well,22/10/2012,Red (Deluxe Edition)
Taylor Swift ,22, Red (Deluxe Edition) , 3WC5CVAahvn98hiseoIvbw , 2012-10-22,spotify:track:3WC5CVAahvn98hiseoIvbw,Red (Deluxe Edition),22,22/10/2012,Red (Deluxe Edition)
Taylor Swift , I Almost Do , Red (Deluxe Edition) , 1eyqSYBCTane4rl4vc6PWJ , 2012-10-22,spotify:track:1eyqSYBCTane4rl4vc6PWJ,Red (Deluxe Edition),I Almost Do,22/10/2012,Red (Deluxe Edition)
Taylor Swift , We Are Never Ever Getting Back Together , Red (Deluxe Edition) , 6kISMRfweKSvgHR0urMQFG , 2012-10-22,spotify:track:6kISMRfweKSvgHR0urMQFG,Red (Deluxe Edition),We Are Never Ever Getting Back Together,22/10/2012,Red (Deluxe Edition)
Taylor Swift , Stay Stay Stay , Red (Deluxe Edition) , 0F2S1QlnMaOfmNHIgmES3k , 2012-10-22,spotify:track:0F2S1QlnMaOfmNHIgmES3k,Red (Deluxe Edition),Stay Stay Stay,22/10/2012,Red (Deluxe Edition)
Taylor Swift; Gary Lightbody , The Last Time , Red (Deluxe Edition) , 2Tz4JnXZOcjcp8fWfMjBBk , 2012-10-22,spotify:track:2Tz4JnXZOcjcp8fWfMjBBk,Red (Deluxe Edition),The Last Time,22/10/2012,Red (Deluxe Edition)
Taylor Swift , Holy Ground , Red (Deluxe Edition) , 3KmYVOuK2eG7LGP7qQ8DLR , 2012-10-22,spotify:track:3KmYVOuK2eG7LGP7qQ8DLR,Red (Deluxe Edition),Holy Ground,22/10/2012,Red (Deluxe Edition)
Taylor Swift , Sad Beautiful Tragic , Red (Deluxe Edition) , 70e9zuv2pJc7ON1OUAJ1zl , 2012-10-22,spotify:track:70e9zuv2pJc7ON1OUAJ1zl,Red (Deluxe Edition),Sad Beautiful Tragic,22/10/2012,Red (Deluxe Edition)
Taylor Swift , The Lucky One , Red (Deluxe Edition) , 5VQLMrWhailAhErKNUSnv1 , 2012-10-22,spotify:track:5VQLMrWhailAhErKNUSnv1,Red (Deluxe Edition),The Lucky One,22/10/2012,Red (Deluxe Edition)
Taylor Swift; Ed Sheeran , Everything Has Changed , Red (Deluxe Edition) , 5PjfMmF06QtxTPZBZHdhoZ , 2012-10-22,spotify:track:5PjfMmF06QtxTPZBZHdhoZ,Red (Deluxe Edition),Everything Has Changed,22/10/2012,Red (Deluxe Edition)
Taylor Swift , Starlight , Red (Deluxe Edition) , 1gL4vMhDV3RgJQmDuY5HK1 , 2012-10-22,spotify:track:1gL4vMhDV3RgJQmDuY5HK1,Red (Deluxe Edition),Starlight,22/10/2012,Red (Deluxe Edition)
Taylor Swift , Begin Again , Red (Deluxe Edition) , 1yG491M3fRfowMdGN5pey4 , 2012-10-22,spotify:track:1yG491M3fRfowMdGN5pey4,Red (Deluxe Edition),Begin Again,22/10/2012,Red (Deluxe Edition)
Taylor Swift , The Moment I Knew , Red (Deluxe Edition) , 4qTAwKJQ68gmnrnfPD3vlO , 2012-10-22,spotify:track:4qTAwKJQ68gmnrnfPD3vlO,Red (Deluxe Edition),The Moment I Knew,22/10/2012,Red (Deluxe Edition)
Taylor Swift , Come Back...Be Here , Red (Deluxe Edition) , 1n8rB9AhxiAvVP1E2c3yOd , 2012-10-22,spotify:track:1n8rB9AhxiAvVP1E2c3yOd,Red (Deluxe Edition),Come Back...Be Here,22/10/2012,Red (Deluxe Edition)
Taylor Swift , Girl At Home , Red (Deluxe Edition) , 6VFpuI0DDmbC5UyWZQ4IRY , 2012-10-22,spotify:track:6VFpuI0DDmbC5UyWZQ4IRY,Red (Deluxe Edition),Girl At Home,22/10/2012,Red (Deluxe Edition)
Taylor Swift , State Of Grace - Acoustic , Red (Deluxe Edition) , 5mfDBWY7ncZFm7ykmFTG4i , 2012-10-22,spotify:track:5mfDBWY7ncZFm7ykmFTG4i,Red (Deluxe Edition),State Of Grace - Acoustic,22/10/2012,Red (Deluxe Edition)
Tim McGraw; Taylor Swift; Keith Urban , Highway Don't Care , Two Lanes Of Freedom , 60hGQrn24APqEFSLObLeDc , 2013-01-01,spotify:track:60hGQrn24APqEFSLObLeDc,MISC,Highway Don't Care,01/01/2013,Two Lanes Of Freedom
Taylor Swift ," Sweeter Than Fiction - From ""One Chance"" Soundtrack ", Sweeter Than Fiction , 0RFCHlNuTeUHIB36VuVbOL , 2013-10-21,spotify:track:0RFCHlNuTeUHIB36VuVbOL,MISC,"Sweeter Than Fiction - From ""One Chance"" Soundtrack",21/10/2013,Sweeter Than Fiction
Taylor Swift , Welcome To New York , 1989 (Deluxe) , 3nRmDz7qGCvsMS30rGGY0x ,27/10/2014,spotify:track:3nRmDz7qGCvsMS30rGGY0x,1989 (Deluxe),Welcome To New York,27/10/2014,1989 (Deluxe)
Taylor Swift , Blank Space , 1989 (Deluxe) , 1u8c2t2Cy7UBoG4ArRcF5g ,27/10/2014,spotify:track:1u8c2t2Cy7UBoG4ArRcF5g,1989 (Deluxe),Blank Space,27/10/2014,1989 (Deluxe)
Taylor Swift , Style , 1989 (Deluxe) , 0ug5NqcwcFR2xrfTkc7k8e ,27/10/2014,spotify:track:0ug5NqcwcFR2xrfTkc7k8e,1989 (Deluxe),Style,27/10/2014,1989 (Deluxe)
Taylor Swift , Out Of The Woods , 1989 (Deluxe) , 0qUnBLZ8bJqUNEeQgayL9t ,27/10/2014,spotify:track:0qUnBLZ8bJqUNEeQgayL9t,1989 (Deluxe),Out Of The Woods,27/10/2014,1989 (Deluxe)
Taylor Swift , All You Had To Do Was Stay , 1989 (Deluxe) , 6aLOekfwbytwWvQftxTEF0 ,27/10/2014,spotify:track:6aLOekfwbytwWvQftxTEF0,1989 (Deluxe),All You Had To Do Was Stay,27/10/2014,1989 (Deluxe)
Taylor Swift , Shake It Off , 1989 (Deluxe) , 0cqRj7pUJDkTCEsJkx8snD ,27/10/2014,spotify:track:0cqRj7pUJDkTCEsJkx8snD,1989 (Deluxe),Shake It Off,27/10/2014,1989 (Deluxe)
Taylor Swift , I Wish You Would , 1989 (Deluxe) , 5gRYrtvyVyaCRvLt56OfuV ,27/10/2014,spotify:track:5gRYrtvyVyaCRvLt56OfuV,1989 (Deluxe),I Wish You Would,27/10/2014,1989 (Deluxe)
Taylor Swift , Bad Blood , 1989 (Deluxe) , 2NlmmAjGYrrjAp0MED5rGx ,27/10/2014,spotify:track:2NlmmAjGYrrjAp0MED5rGx,1989 (Deluxe),Bad Blood,27/10/2014,1989 (Deluxe)
Taylor Swift , Wildest Dreams , 1989 (Deluxe) , 4A4A6dwl5DqdqrZaEtKGPR ,27/10/2014,spotify:track:4A4A6dwl5DqdqrZaEtKGPR,1989 (Deluxe),Wildest Dreams,27/10/2014,1989 (Deluxe)
Taylor Swift , How You Get The Girl , 1989 (Deluxe) , 0fM9dEhUFV4MHDuJgrcfOv ,27/10/2014,spotify:track:0fM9dEhUFV4MHDuJgrcfOv,1989 (Deluxe),How You Get The Girl,27/10/2014,1989 (Deluxe)
Taylor Swift , This Love , 1989 (Deluxe) , 4L560fic5PaTuCFm6CviKa ,27/10/2014,spotify:track:4L560fic5PaTuCFm6CviKa,1989 (Deluxe),This Love,27/10/2014,1989 (Deluxe)
Taylor Swift , I Know Places , 1989 (Deluxe) , 6EwNJz8CuVsrsLvXprJ20Q ,27/10/2014,spotify:track:6EwNJz8CuVsrsLvXprJ20Q,1989 (Deluxe),I Know Places,27/10/2014,1989 (Deluxe)
Taylor Swift , Clean , 1989 (Deluxe) , 1NmVZsG18CzCAtw7rnV3yA ,27/10/2014,spotify:track:1NmVZsG18CzCAtw7rnV3yA,1989 (Deluxe),Clean,27/10/2014,1989 (Deluxe)
Taylor Swift , Wonderland , 1989 (Deluxe) , 6RvRzl1YJTDnUvdOtV21IK ,27/10/2014,spotify:track:6RvRzl1YJTDnUvdOtV21IK,1989 (Deluxe),Wonderland,27/10/2014,1989 (Deluxe)
Taylor Swift , You Are In Love , 1989 (Deluxe) , 2KrOAg6FftbjgSKdd2a4rS ,27/10/2014,spotify:track:2KrOAg6FftbjgSKdd2a4rS,1989 (Deluxe),You Are In Love,27/10/2014,1989 (Deluxe)
Taylor Swift , New Romantics , 1989 (Deluxe) , 0qAIiGFKLdV1xpNlEhjpq8 ,27/10/2014,spotify:track:0qAIiGFKLdV1xpNlEhjpq8,1989 (Deluxe),New Romantics,27/10/2014,1989 (Deluxe)
Taylor Swift; Kendrick Lamar , Bad Blood , Bad Blood , 6xsEAm6w9oMQYYg3jkEkMT , 2015-05-17,spotify:track:6xsEAm6w9oMQYYg3jkEkMT,MISC,Bad Blood,17/05/2015,Bad Blood
ZAYN; Taylor Swift , I Don't Wanna Live Forever (Fifty Shades Darker) , reputation Stadium Tour Surprise Song Playlist , 55n9yjI6qqXh5F2mYvUc2y , 2017-11-09,spotify:track:55n9yjI6qqXh5F2mYvUc2y,reputation,I Don't Wanna Live Forever (Fifty Shades Darker),09/11/2017,reputation Stadium Tour Surprise Song Playlist
Taylor Swift , ...Ready For It? , reputation , 2yLa0QULdQr0qAIvVwN6B5 , 2017-11-10,spotify:track:2yLa0QULdQr0qAIvVwN6B5,reputation,...Ready For It?,10/11/2017,reputation
Taylor Swift; Ed Sheeran; Future , End Game , reputation , 2x0WlnmfG39ZuDmstl9xfX , 2017-11-10,spotify:track:2x0WlnmfG39ZuDmstl9xfX,reputation,End Game,10/11/2017,reputation
Taylor Swift , I Did Something Bad , reputation , 4svZDCRz4cJoneBpjpx8DJ , 2017-11-10,spotify:track:4svZDCRz4cJoneBpjpx8DJ,reputation,I Did Something Bad,10/11/2017,reputation
Taylor Swift , Don't Blame Me , reputation , 1R0a2iXumgCiFb7HEZ7gUE , 2017-11-10,spotify:track:1R0a2iXumgCiFb7HEZ7gUE,reputation,Don't Blame Me,10/11/2017,reputation
Taylor Swift , Delicate , reputation , 6NFyWDv5CjfwuzoCkw47Xf , 2017-11-10,spotify:track:6NFyWDv5CjfwuzoCkw47Xf,reputation,Delicate,10/11/2017,reputation
Taylor Swift , Look What You Made Me Do , reputation , 1P17dC1amhFzptugyAO7Il , 2017-11-10,spotify:track:1P17dC1amhFzptugyAO7Il,reputation,Look What You Made Me Do,10/11/2017,reputation
Taylor Swift , So It Goes... , reputation , 5PxFv9yJEg9dxvbZggykro , 2017-11-10,spotify:track:5PxFv9yJEg9dxvbZggykro,reputation,So It Goes...,10/11/2017,reputation
Taylor Swift , Gorgeous , reputation , 1ZY1PqizIl78geGM4xWlEA , 2017-11-10,spotify:track:1ZY1PqizIl78geGM4xWlEA,reputation,Gorgeous,10/11/2017,reputation
Taylor Swift , Getaway Car , reputation , 0VE4kBnHJUgtMf0dy6DRmW , 2017-11-10,spotify:track:0VE4kBnHJUgtMf0dy6DRmW,reputation,Getaway Car,10/11/2017,reputation
Taylor Swift , King Of My Heart , reputation , 7HuBDWi18s4aJM8UFnNheH , 2017-11-10,spotify:track:7HuBDWi18s4aJM8UFnNheH,reputation,King Of My Heart,10/11/2017,reputation
Taylor Swift , Dancing With Our Hands Tied , reputation , 7I7JbDv63ZJJsSi24DyJrz , 2017-11-10,spotify:track:7I7JbDv63ZJJsSi24DyJrz,reputation,Dancing With Our Hands Tied,10/11/2017,reputation
Taylor Swift , Dress , reputation , 6oVxXO5oQ4pTpO8RSnkzvv , 2017-11-10,spotify:track:6oVxXO5oQ4pTpO8RSnkzvv,reputation,Dress,10/11/2017,reputation
Taylor Swift , This Is Why We Can't Have Nice Things , reputation , 07NxDD1iKCHbAldceD7QLP , 2017-11-10,spotify:track:07NxDD1iKCHbAldceD7QLP,reputation,This Is Why We Can't Have Nice Things,10/11/2017,reputation
Taylor Swift , Call It What You Want , reputation , 1GwMQaZz6Au3QLDbjbMdme , 2017-11-10,spotify:track:1GwMQaZz6Au3QLDbjbMdme,reputation,Call It What You Want,10/11/2017,reputation
Taylor Swift , New Year's Day , reputation , 7F5oktn5YOsR9eR5YsFtqb , 2017-11-10,spotify:track:7F5oktn5YOsR9eR5YsFtqb,reputation,New Year's Day,10/11/2017,reputation
Taylor Swift , I Forgot That You Existed , Lover , 43rA71bccXFGD4C8GOpIlN , 2019-08-23,spotify:track:43rA71bccXFGD4C8GOpIlN,Lover,I Forgot That You Existed,23/08/2019,Lover
Taylor Swift , Cruel Summer , Lover , 1BxfuPKGuaTgP7aM0Bbdwr , 2019-08-23,spotify:track:1BxfuPKGuaTgP7aM0Bbdwr,Lover,Cruel Summer,23/08/2019,Lover
Taylor Swift , Lover , Lover , 1dGr1c8CrMLDpV6mPbImSI , 2019-08-23,spotify:track:1dGr1c8CrMLDpV6mPbImSI,Lover,Lover,23/08/2019,Lover
Taylor Swift , The Man , Lover , 3RauEVgRgj1IuWdJ9fDs70 , 2019-08-23,spotify:track:3RauEVgRgj1IuWdJ9fDs70,Lover,The Man,23/08/2019,Lover
Taylor Swift , The Archer , Lover , 3pHkh7d0lzM2AldUtz2x37 , 2019-08-23,spotify:track:3pHkh7d0lzM2AldUtz2x37,Lover,The Archer,23/08/2019,Lover
Taylor Swift , I Think He Knows , Lover , 2YWtcWi3a83pdEg3Gif4Pd , 2019-08-23,spotify:track:2YWtcWi3a83pdEg3Gif4Pd,Lover,I Think He Knows,23/08/2019,Lover
Taylor Swift , Miss Americana & The Heartbreak Prince , Lover , 214nt20w5wOxJnY462klLw , 2019-08-23,spotify:track:214nt20w5wOxJnY462klLw,Lover,Miss Americana & The Heartbreak Prince,23/08/2019,Lover
Taylor Swift , Paper Rings , Lover , 4y5bvROuBDPr5fuwXbIBZR , 2019-08-23,spotify:track:4y5bvROuBDPr5fuwXbIBZR,Lover,Paper Rings,23/08/2019,Lover
Taylor Swift , Cornelia Street , Lover , 12M5uqx0ZuwkpLp5rJim1a , 2019-08-23,spotify:track:12M5uqx0ZuwkpLp5rJim1a,Lover,Cornelia Street,23/08/2019,Lover
Taylor Swift , Death By A Thousand Cuts , Lover , 2dgFqt3w9xIQRjhPtwNk3D , 2019-08-23,spotify:track:2dgFqt3w9xIQRjhPtwNk3D,Lover,Death By A Thousand Cuts,23/08/2019,Lover
Taylor Swift , London Boy , Lover , 1LLXZFeAHK9R4xUramtUKw , 2019-08-23,spotify:track:1LLXZFeAHK9R4xUramtUKw,Lover,London Boy,23/08/2019,Lover
Taylor Swift; The Chicks , Soon You'll Get Better (feat. The Chicks) , Lover , 4AYtqFyFbX0Xkc2wtcygTr , 2019-08-23,spotify:track:4AYtqFyFbX0Xkc2wtcygTr,Lover,Soon You'll Get Better (feat. The Chicks),23/08/2019,Lover
Taylor Swift , False God , Lover , 5hQSXkFgbxjZo9uCwd11so , 2019-08-23,spotify:track:5hQSXkFgbxjZo9uCwd11so,Lover,False God,23/08/2019,Lover
Taylor Swift , You Need To Calm Down , Lover , 6RRNNciQGZEXnqk8SQ9yv5 , 2019-08-23,spotify:track:6RRNNciQGZEXnqk8SQ9yv5,Lover,You Need To Calm Down,23/08/2019,Lover
Taylor Swift , Afterglow , Lover , 1SymEzIT3H8UZfibCs3TYi , 2019-08-23,spotify:track:1SymEzIT3H8UZfibCs3TYi,Lover,Afterglow,23/08/2019,Lover
Taylor Swift; Brendon Urie; Panic! At The Disco , ME! (feat. Brendon Urie of Panic! At The Disco) , Lover , 2Rk4JlNc2TPmZe2af99d45 , 2019-08-23,spotify:track:2Rk4JlNc2TPmZe2af99d45,Lover,ME! (feat. Brendon Urie of Panic! At The Disco),23/08/2019,Lover
Taylor Swift , It's Nice To Have A Friend , Lover , 1SmiQ65iSAbPto6gPFlBYm , 2019-08-23,spotify:track:1SmiQ65iSAbPto6gPFlBYm,Lover,It's Nice To Have A Friend,23/08/2019,Lover
Taylor Swift , Daylight , Lover , 1fzAuUVbzlhZ1lJAx9PtY6 , 2019-08-23,spotify:track:1fzAuUVbzlhZ1lJAx9PtY6,Lover,Daylight,23/08/2019,Lover
Taylor Swift , All Of The Girls You Loved Before , All Of The Girls You Loved Before , 4P9Q0GojKVXpRTJCaL3kyy , 2019-08-23,spotify:track:4P9Q0GojKVXpRTJCaL3kyy,MISC,All Of The Girls You Loved Before,23/08/2019,All Of The Girls You Loved Before
Taylor Swift; Shawn Mendes , Lover (Remix) [feat. Shawn Mendes] , Lover (Remix) [feat. Shawn Mendes] , 3i9UVldZOE0aD0JnyfAZZ0 , 2019-11-13,spotify:track:3i9UVldZOE0aD0JnyfAZZ0,MISC,Lover (Remix) [feat. Shawn Mendes],13/11/2019,Lover (Remix) [feat. Shawn Mendes]
Taylor Swift , Christmas Tree Farm , Christmas Tree Farm , 2mvabkN1i2gLnGAPUVdwek , 2019-12-06,spotify:track:2mvabkN1i2gLnGAPUVdwek,MISC,Christmas Tree Farm,06/12/2019,Christmas Tree Farm
Taylor Swift ," Beautiful Ghosts - From The Motion Picture Soundtrack ""Cats"" ", Cats: Highlights From The Motion Picture Soundtrack , 2evEoQAhIMaa9PfjTT5skG , 2019-12-20,spotify:track:2evEoQAhIMaa9PfjTT5skG,MISC,"Beautiful Ghosts - From The Motion Picture Soundtrack ""Cats""",20/12/2019,Cats: Highlights From The Motion Picture Soundtrack
Taylor Swift , Only The Young - Featured in Miss Americana , Only The Young (Featured in Miss Americana) , 2slqvGLwzZZYsT4K4Y1GBC , 2020-01-31,spotify:track:2slqvGLwzZZYsT4K4Y1GBC,MISC,Only The Young - Featured in Miss Americana,31/01/2020,Only The Young (Featured in Miss Americana)
Taylor Swift , the 1 , folklore , 0Jlcvv8IykzHaSmj49uNW8 , 2020-07-24,spotify:track:0Jlcvv8IykzHaSmj49uNW8,folklore,the 1,24/07/2020,folklore
Taylor Swift , cardigan , folklore , 4R2kfaDFhslZEMJqAFNpdd , 2020-07-24,spotify:track:4R2kfaDFhslZEMJqAFNpdd,folklore,cardigan,24/07/2020,folklore
Taylor Swift , the last great american dynasty , folklore , 2Eeur20xVqfUoM3Q7EFPFt , 2020-07-24,spotify:track:2Eeur20xVqfUoM3Q7EFPFt,folklore,the last great american dynasty,24/07/2020,folklore
Taylor Swift; Bon Iver , exile (feat. Bon Iver) , folklore , 4pvb0WLRcMtbPGmtejJJ6y , 2020-07-24,spotify:track:4pvb0WLRcMtbPGmtejJJ6y,folklore,exile (feat. Bon Iver),24/07/2020,folklore
Taylor Swift , my tears ricochet , folklore , 1MgV7FIyNxIG7WzMRJV5HC , 2020-07-24,spotify:track:1MgV7FIyNxIG7WzMRJV5HC,folklore,my tears ricochet,24/07/2020,folklore
Taylor Swift , mirrorball , folklore , 0ZNU020wNYvgW84iljPkPP , 2020-07-24,spotify:track:0ZNU020wNYvgW84iljPkPP,folklore,mirrorball,24/07/2020,folklore
Taylor Swift , seven , folklore , 6KJqZcs9XDgVck7Lg9QOTC , 2020-07-24,spotify:track:6KJqZcs9XDgVck7Lg9QOTC,folklore,seven,24/07/2020,folklore
Taylor Swift , august , folklore , 3hUxzQpSfdDqwM3ZTFQY0K , 2020-07-24,spotify:track:3hUxzQpSfdDqwM3ZTFQY0K,folklore,august,24/07/2020,folklore
Taylor Swift , this is me trying , folklore , 7kt9e9LFSpN1zQtYEl19o1 , 2020-07-24,spotify:track:7kt9e9LFSpN1zQtYEl19o1,folklore,this is me trying,24/07/2020,folklore
Taylor Swift , illicit affairs , folklore , 2NmsngXHeC1GQ9wWrzhOMf , 2020-07-24,spotify:track:2NmsngXHeC1GQ9wWrzhOMf,folklore,illicit affairs,24/07/2020,folklore
Taylor Swift , invisible string , folklore , 6VsvKPJ4xjVNKpI8VVZ3SV , 2020-07-24,spotify:track:6VsvKPJ4xjVNKpI8VVZ3SV,folklore,invisible string,24/07/2020,folklore
Taylor Swift , mad woman , folklore , 2QDyYdZyhlP2fp79KZX8Bi , 2020-07-24,spotify:track:2QDyYdZyhlP2fp79KZX8Bi,folklore,mad woman,24/07/2020,folklore
Taylor Swift , epiphany , folklore , 08fa9LFcFBTcilB3iq2e2A , 2020-07-24,spotify:track:08fa9LFcFBTcilB3iq2e2A,folklore,epiphany,24/07/2020,folklore
Taylor Swift , betty , folklore , 5kI4eCXXzyuIUXjQra0Cxi , 2020-07-24,spotify:track:5kI4eCXXzyuIUXjQra0Cxi,folklore,betty,24/07/2020,folklore
Taylor Swift , peace , folklore , 7MbT4I8qGntX4fMdqMQgke , 2020-07-24,spotify:track:7MbT4I8qGntX4fMdqMQgke,folklore,peace,24/07/2020,folklore
Taylor Swift , hoax , folklore , 6MWoRt97mnSTXZhu3ggi9C , 2020-07-24,spotify:track:6MWoRt97mnSTXZhu3ggi9C,folklore,hoax,24/07/2020,folklore
Taylor Swift , the lakes - bonus track , folklore (deluxe version) , 0eFQWVz0qIxDOvhLpZ40P7 , 2020-08-18,spotify:track:0eFQWVz0qIxDOvhLpZ40P7,folklore,the lakes - bonus track,18/08/2020,folklore (deluxe version)
Taylor Swift , willow , evermore , 0lx2cLdOt3piJbcaXIV74f , 2020-12-11,spotify:track:0lx2cLdOt3piJbcaXIV74f,evermore,willow,11/12/2020,evermore
Taylor Swift , champagne problems , evermore , 0sY6ZUTh4yoctD8VIXz339 , 2020-12-11,spotify:track:0sY6ZUTh4yoctD8VIXz339,evermore,champagne problems,11/12/2020,evermore
Taylor Swift , gold rush , evermore , 5BK0uqwY9DNfZ630STAEaq , 2020-12-11,spotify:track:5BK0uqwY9DNfZ630STAEaq,evermore,gold rush,11/12/2020,evermore
Taylor Swift , 'tis the damn season , evermore , 7dW84mWkdWE5a6lFWxJCBG , 2020-12-11,spotify:track:7dW84mWkdWE5a6lFWxJCBG,evermore,'tis the damn season,11/12/2020,evermore
Taylor Swift , tolerate it , evermore , 0PurA4JVJ8YQgSVopY8fn6 , 2020-12-11,spotify:track:0PurA4JVJ8YQgSVopY8fn6,evermore,tolerate it,11/12/2020,evermore
Taylor Swift , happiness , evermore , 73YUReisjb3A9ActdLLjJQ , 2020-12-11,spotify:track:73YUReisjb3A9ActdLLjJQ,evermore,happiness,11/12/2020,evermore
Taylor Swift , dorothea , evermore , 670fUmXf4KQekzbEgaXyPA , 2020-12-11,spotify:track:670fUmXf4KQekzbEgaXyPA,evermore,dorothea,11/12/2020,evermore
Taylor Swift; The National , coney island (feat. The National) , evermore , 3k7ne7VmH43ZPWxPdvPUgR , 2020-12-11,spotify:track:3k7ne7VmH43ZPWxPdvPUgR,evermore,coney island (feat. The National),11/12/2020,evermore
Taylor Swift , ivy , evermore , 19CSr8rwW05VJL2F91KFNK , 2020-12-11,spotify:track:19CSr8rwW05VJL2F91KFNK,evermore,ivy,11/12/2020,evermore
Taylor Swift , cowboy like me , evermore , 1XjHRolIXL2M1EEOUsGGR4 , 2020-12-11,spotify:track:1XjHRolIXL2M1EEOUsGGR4,evermore,cowboy like me,11/12/2020,evermore
Taylor Swift , long story short , evermore , 2o2sgVJIgFXk8GQjWTgI6U , 2020-12-11,spotify:track:2o2sgVJIgFXk8GQjWTgI6U,evermore,long story short,11/12/2020,evermore
Taylor Swift , marjorie , evermore , 12ntTeqEeTg7GAVpe8Mhpl , 2020-12-11,spotify:track:12ntTeqEeTg7GAVpe8Mhpl,evermore,marjorie,11/12/2020,evermore
Taylor Swift , closure , evermore , 35rdVq36LMHQX0Suw9a6tK , 2020-12-11,spotify:track:35rdVq36LMHQX0Suw9a6tK,evermore,closure,11/12/2020,evermore
Taylor Swift; Bon Iver , evermore (feat. Bon Iver) , evermore , 3O5osWf1rSoKMwe6E9ZaXP , 2020-12-11,spotify:track:3O5osWf1rSoKMwe6E9ZaXP,evermore,evermore (feat. Bon Iver),11/12/2020,evermore
Taylor Swift; HAIM ," no body, no crime (feat. HAIM)", evermore , 3RaT22zZsxVYxxKR7TAaYF , 2020-12-11,spotify:track:3RaT22zZsxVYxxKR7TAaYF,evermore,"no body, no crime (feat. HAIM)",11/12/2020,evermore
Taylor Swift , right where you left me - bonus track , evermore (deluxe version) , 3zwMVvkBe2qIKDObWgXw4N , 2021-01-07,spotify:track:3zwMVvkBe2qIKDObWgXw4N,evermore,right where you left me - bonus track,07/01/2021,evermore (deluxe version)
Taylor Swift , it's time to go - bonus track , evermore (deluxe version) , 1kdWw77ZpYOkhxeuhzU1j6 , 2021-01-07,spotify:track:1kdWw77ZpYOkhxeuhzU1j6,evermore,it's time to go - bonus track,07/01/2021,evermore (deluxe version)
HAIM; Taylor Swift , Gasoline (HAIM feat. Taylor Swift) , Women In Music Pt III (Expanded Edition) , 2bzUVEvpZ7At5cYz1kOLI9 , 2021-02-19,spotify:track:2bzUVEvpZ7At5cYz1kOLI9,MISC,Gasoline (HAIM feat. Taylor Swift),19/02/2021,Women In Music Pt III (Expanded Edition)
Taylor Swift , Fearless (TV) , Fearless (TV) , 77sMIMlNaSURUAXq5coCxE , 2021-04-09,spotify:track:77sMIMlNaSURUAXq5coCxE,Fearless (TV),Fearless (TV),09/04/2021,Fearless (TV)
Taylor Swift , Fifteen (TV) , Fearless (TV) , 2nqio0SfWg6gh2eCtfuMa5 , 2021-04-09,spotify:track:2nqio0SfWg6gh2eCtfuMa5,Fearless (TV),Fifteen (TV),09/04/2021,Fearless (TV)
Taylor Swift , Love Story (TV) , Fearless (TV) , 6YvqWjhGD8mB5QXcbcUKtx , 2021-04-09,spotify:track:6YvqWjhGD8mB5QXcbcUKtx,Fearless (TV),Love Story (TV),09/04/2021,Fearless (TV)
Taylor Swift , Hey Stephen (TV) , Fearless (TV) , 550erGcdD9n6PnwxrvYqZT , 2021-04-09,spotify:track:550erGcdD9n6PnwxrvYqZT,Fearless (TV),Hey Stephen (TV),09/04/2021,Fearless (TV)
Taylor Swift , White Horse (TV) , Fearless (TV) , 5YL553x8sHderRBDlm3NM3 , 2021-04-09,spotify:track:5YL553x8sHderRBDlm3NM3,Fearless (TV),White Horse (TV),09/04/2021,Fearless (TV)
Taylor Swift , You Belong With Me (TV) , Fearless (TV) , 1qrpoAMXodY6895hGKoUpA , 2021-04-09,spotify:track:1qrpoAMXodY6895hGKoUpA,Fearless (TV),You Belong With Me (TV),09/04/2021,Fearless (TV)
Taylor Swift; Colbie Caillat , Breathe (feat. Colbie Caillat) (TV) , Fearless (TV) , 7HC7R2D8WjXVcUHJyEGjRs , 2021-04-09,spotify:track:7HC7R2D8WjXVcUHJyEGjRs,Fearless (TV),Breathe (feat. Colbie Caillat) (TV),09/04/2021,Fearless (TV)
Taylor Swift , Tell Me Why (TV) , Fearless (TV) , 0k0vFacOHNuArLWMiH60p7 , 2021-04-09,spotify:track:0k0vFacOHNuArLWMiH60p7,Fearless (TV),Tell Me Why (TV),09/04/2021,Fearless (TV)
Taylor Swift , You're Not Sorry (TV) , Fearless (TV) , 6iiAfo4wTA2CVC3Uwx9uh8 , 2021-04-09,spotify:track:6iiAfo4wTA2CVC3Uwx9uh8,Fearless (TV),You're Not Sorry (TV),09/04/2021,Fearless (TV)
Taylor Swift , The Way I Loved You (TV) , Fearless (TV) , 22bPsP2jCgbLUvh82U0Z3M , 2021-04-09,spotify:track:22bPsP2jCgbLUvh82U0Z3M,Fearless (TV),The Way I Loved You (TV),09/04/2021,Fearless (TV)
Taylor Swift , Forever & Always (TV) , Fearless (TV) , 1msEuwSBneBKpVCZQcFTsU , 2021-04-09,spotify:track:1msEuwSBneBKpVCZQcFTsU,Fearless (TV),Forever & Always (TV),09/04/2021,Fearless (TV)
Taylor Swift , The Best Day (TV) , Fearless (TV) , 6ON9UuIq49xXY9GPmHIYRp , 2021-04-09,spotify:track:6ON9UuIq49xXY9GPmHIYRp,Fearless (TV),The Best Day (TV),09/04/2021,Fearless (TV)
Taylor Swift , Change (TV) , Fearless (TV) , 3ExweHKZF9B752DPQByRVT , 2021-04-09,spotify:track:3ExweHKZF9B752DPQByRVT,Fearless (TV),Change (TV),09/04/2021,Fearless (TV)
Taylor Swift , Jump Then Fall (TV) , Fearless (TV) , 2m3ObD945KvpE5y9A1eUWm , 2021-04-09,spotify:track:2m3ObD945KvpE5y9A1eUWm,Fearless (TV),Jump Then Fall (TV),09/04/2021,Fearless (TV)
Taylor Swift ,Untouchable (TV), Fearless (TV) ,0tQ9vBYpldCuikPsbgOVKA, 2021-04-09,spotify:track:0tQ9vBYpldCuikPsbgOVKA,Fearless (TV),Untouchable (TV),09/04/2021,Fearless (TV)
Taylor Swift , Forever & Always (Piano Version) (TV) , Fearless (TV) , 01QdEx6kFr78ZejhQtWR5m , 2021-04-09,spotify:track:01QdEx6kFr78ZejhQtWR5m,Fearless (TV),Forever & Always (Piano Version) (TV),09/04/2021,Fearless (TV)
Taylor Swift , Come In With The Rain (TV) , Fearless (TV) , 1n2wszmJyVkw6FHqyLnQsY , 2021-04-09,spotify:track:1n2wszmJyVkw6FHqyLnQsY,Fearless (TV),Come In With The Rain (TV),09/04/2021,Fearless (TV)
Taylor Swift , Superstar (TV) , Fearless (TV) , 51A8eKvvZz9uydvIZ7xRSV , 2021-04-09,spotify:track:51A8eKvvZz9uydvIZ7xRSV,Fearless (TV),Superstar (TV),09/04/2021,Fearless (TV)
Taylor Swift , The Other Side Of The Door (TV) , Fearless (TV) , 1cSFlSBdpT4F5vb1frQ231 , 2021-04-09,spotify:track:1cSFlSBdpT4F5vb1frQ231,Fearless (TV),The Other Side Of The Door (TV),09/04/2021,Fearless (TV)
Taylor Swift , Today Was A Fairytale (TV) , Fearless (TV) , 2JoJrsEV15OzbijS47lids , 2021-04-09,spotify:track:2JoJrsEV15OzbijS47lids,Fearless (TV),Today Was A Fairytale (TV),09/04/2021,Fearless (TV)
Taylor Swift; Maren Morris , You All Over Me (feat. Maren Morris) (TV) (From The Vault) , Fearless (TV) , 4CHpVfAhuxNJ3ibExe6kxO , 2021-04-09,spotify:track:4CHpVfAhuxNJ3ibExe6kxO,Fearless (TV),You All Over Me (feat. Maren Morris) (TV) (From The Vault),09/04/2021,Fearless (TV)
Taylor Swift , Mr. Perfectly Fine (TV) (From The Vault) , Fearless (TV) , 2CYVETnhM9aytqrazYYwrK , 2021-04-09,spotify:track:2CYVETnhM9aytqrazYYwrK,Fearless (TV),Mr. Perfectly Fine (TV) (From The Vault),09/04/2021,Fearless (TV)
Taylor Swift , We Were Happy (TV) (From The Vault) , Fearless (TV) , 34V9RiEPe8MNdU32qJsJa1 , 2021-04-09,spotify:track:34V9RiEPe8MNdU32qJsJa1,Fearless (TV),We Were Happy (TV) (From The Vault),09/04/2021,Fearless (TV)
Taylor Swift; Keith Urban , That's When (feat. Keith Urban) (TV) (From The Vault) , Fearless (TV) , 7eResoqEJJAVTkQYSqvO3P , 2021-04-09,spotify:track:7eResoqEJJAVTkQYSqvO3P,Fearless (TV),That's When (feat. Keith Urban) (TV) (From The Vault),09/04/2021,Fearless (TV)
Taylor Swift , Don't You (TV) (From The Vault) , Fearless (TV) , 4uuEGH5SVuzkkSFjo2DEiY , 2021-04-09,spotify:track:4uuEGH5SVuzkkSFjo2DEiY,Fearless (TV),Don't You (TV) (From The Vault),09/04/2021,Fearless (TV)
Taylor Swift , Bye Bye Baby (TV) (From The Vault) , Fearless (TV) , 4qUijfYU8EoIWiY6oSyrgT , 2021-04-09,spotify:track:4qUijfYU8EoIWiY6oSyrgT,Fearless (TV),Bye Bye Baby (TV) (From The Vault),09/04/2021,Fearless (TV)
Taylor Swift , If This Was A Movie (TV) , If This Was A Movie (TV) , 0kAZ3H6G9Zac4PMpmobMkj , 2021-04-09,spotify:track:0kAZ3H6G9Zac4PMpmobMkj,MISC,If This Was A Movie (TV),09/04/2021,If This Was A Movie (TV)
Big Red Machine; Taylor Swift , Renegade (Big Red Machine feat. Taylor Swift) , Renegade (feat. Taylor Swift) , 1aU1wpYBSpP0M6IiihY5Ue , 2021-07-02,spotify:track:1aU1wpYBSpP0M6IiihY5Ue,MISC,Renegade (Big Red Machine feat. Taylor Swift),02/07/2021,Renegade (feat. Taylor Swift)
Taylor Swift , the lakes - original version , the lakes (original version) , 0UAdDYrkCvVQftaKpL6q5f , 2021-07-24,spotify:track:0UAdDYrkCvVQftaKpL6q5f,MISC,the lakes - original version,24/07/2021,the lakes (original version)
Big Red Machine; Taylor Swift , Birch , How Long Do You Think It's Gonna Last? , 7wo2UNeQBowm28hfAJsEMz , 2021-08-27,spotify:track:7wo2UNeQBowm28hfAJsEMz,MISC,Birch,27/08/2021,How Long Do You Think It's Gonna Last?
Taylor Swift , State Of Grace (TV) , Red (TV) , 6lzc0Al0zfZOIFsFvBS1ki , 2021-11-12,spotify:track:6lzc0Al0zfZOIFsFvBS1ki,Red (TV),State Of Grace (TV),12/11/2021,Red (TV)
Taylor Swift , Red (TV) , Red (TV) , 4OAuvHryIVv4kMDNSLuPt6 , 2021-11-12,spotify:track:4OAuvHryIVv4kMDNSLuPt6,Red (TV),Red (TV),12/11/2021,Red (TV)
Taylor Swift , Treacherous (TV) , Red (TV) , 3S7HNKPakdwNEBFIVTL6dZ , 2021-11-12,spotify:track:3S7HNKPakdwNEBFIVTL6dZ,Red (TV),Treacherous (TV),12/11/2021,Red (TV)
Taylor Swift , I Knew You Were Trouble (TV) , Red (TV) , 6AtZLIzUINvExIUy4QhdjP , 2021-11-12,spotify:track:6AtZLIzUINvExIUy4QhdjP,Red (TV),I Knew You Were Trouble (TV),12/11/2021,Red (TV)
Taylor Swift , All Too Well (TV) , Red (TV) , 3nsfB1vus2qaloUdcBZvDu , 2021-11-12,spotify:track:3nsfB1vus2qaloUdcBZvDu,Red (TV),All Too Well (TV),12/11/2021,Red (TV)
Taylor Swift , 22 (TV) , Red (TV) , 3yII7UwgLF6K5zW3xad3MP , 2021-11-12,spotify:track:3yII7UwgLF6K5zW3xad3MP,Red (TV),22 (TV),12/11/2021,Red (TV)
Taylor Swift , I Almost Do (TV) , Red (TV) , 2r9CbjYgFhtAmcFv1cSquB , 2021-11-12,spotify:track:2r9CbjYgFhtAmcFv1cSquB,Red (TV),I Almost Do (TV),12/11/2021,Red (TV)
Taylor Swift , We Are Never Ever Getting Back Together (TV) , Red (TV) , 5YqltLsjdqFtvqE7Nrysvs , 2021-11-12,spotify:track:5YqltLsjdqFtvqE7Nrysvs,Red (TV),We Are Never Ever Getting Back Together (TV),12/11/2021,Red (TV)
Taylor Swift , Stay Stay Stay (TV) , Red (TV) , 7eQj6r5PIdYKEIZjucBMcq , 2021-11-12,spotify:track:7eQj6r5PIdYKEIZjucBMcq,Red (TV),Stay Stay Stay (TV),12/11/2021,Red (TV)
Taylor Swift; Gary Lightbody , The Last Time (feat. Gary Lightbody of Snow Patrol) (TV) , Red (TV) , 0y6kdSRCVQhSsHSpWvTUm7 , 2021-11-12,spotify:track:0y6kdSRCVQhSsHSpWvTUm7,Red (TV),The Last Time (feat. Gary Lightbody of Snow Patrol) (TV),12/11/2021,Red (TV)
Taylor Swift , Holy Ground (TV) , Red (TV) , 7J4b3LVCIGO4CMBDFLPoP6 , 2021-11-12,spotify:track:7J4b3LVCIGO4CMBDFLPoP6,Red (TV),Holy Ground (TV),12/11/2021,Red (TV)
Taylor Swift , Sad Beautiful Tragic (TV) , Red (TV) , 73qMN9bXy7MSPwwGfH3wQr , 2021-11-12,spotify:track:73qMN9bXy7MSPwwGfH3wQr,Red (TV),Sad Beautiful Tragic (TV),12/11/2021,Red (TV)
Taylor Swift , The Lucky One (TV) , Red (TV) , 4e5ayHsOLJNLTGfjau2mEw , 2021-11-12,spotify:track:4e5ayHsOLJNLTGfjau2mEw,Red (TV),The Lucky One (TV),12/11/2021,Red (TV)
Taylor Swift; Ed Sheeran , Everything Has Changed (feat. Ed Sheeran) (TV) , Red (TV) , 7qEUFOVcxRI19tbT68JcYK , 2021-11-12,spotify:track:7qEUFOVcxRI19tbT68JcYK,Red (TV),Everything Has Changed (feat. Ed Sheeran) (TV),12/11/2021,Red (TV)
Taylor Swift , Starlight (TV) , Red (TV) , 7A2cNLRT0YJc1yjxHlKihs , 2021-11-12,spotify:track:7A2cNLRT0YJc1yjxHlKihs,Red (TV),Starlight (TV),12/11/2021,Red (TV)
Taylor Swift , Begin Again (TV) , Red (TV) , 05GsNucq8Bngd9fnd4fRa0 , 2021-11-12,spotify:track:05GsNucq8Bngd9fnd4fRa0,Red (TV),Begin Again (TV),12/11/2021,Red (TV)
Taylor Swift , The Moment I Knew (TV) , Red (TV) , 0NRHj8hDwwmSPaA41o379r , 2021-11-12,spotify:track:0NRHj8hDwwmSPaA41o379r,Red (TV),The Moment I Knew (TV),12/11/2021,Red (TV)
Taylor Swift , Come Back...Be Here (TV) , Red (TV) , 4pNApnaUWAL2J4KO2eqokq , 2021-11-12,spotify:track:4pNApnaUWAL2J4KO2eqokq,Red (TV),Come Back...Be Here (TV),12/11/2021,Red (TV)
Taylor Swift , Girl At Home (TV) , Red (TV) , 0DMVrlMUn01M0IcpDbwgu7 , 2021-11-12,spotify:track:0DMVrlMUn01M0IcpDbwgu7,Red (TV),Girl At Home (TV),12/11/2021,Red (TV)
Taylor Swift , State Of Grace (Acoustic Version) (TV) , Red (TV) , 5jAIouBES8LWMiriuNq170 , 2021-11-12,spotify:track:5jAIouBES8LWMiriuNq170,Red (TV),State Of Grace (Acoustic Version) (TV),12/11/2021,Red (TV)
Taylor Swift , Ronan (TV) , Red (TV) , 7nWui6jiMM2m9qFmET1Mtj , 2021-11-12,spotify:track:7nWui6jiMM2m9qFmET1Mtj,Red (TV),Ronan (TV),12/11/2021,Red (TV)
Taylor Swift , Better Man (TV) (From The Vault) , Red (TV) , 4OmFmE0fzcMG6g0Y8p4eSD , 2021-11-12,spotify:track:4OmFmE0fzcMG6g0Y8p4eSD,Red (TV),Better Man (TV) (From The Vault),12/11/2021,Red (TV)
Taylor Swift; Phoebe Bridgers , Nothing New (feat. Phoebe Bridgers) (TV) (From The Vault) , Red (TV) , 01K4zKU104LyJ8gMb7227B , 2021-11-12,spotify:track:01K4zKU104LyJ8gMb7227B,Red (TV),Nothing New (feat. Phoebe Bridgers) (TV) (From The Vault),12/11/2021,Red (TV)
Taylor Swift , Babe (TV) (From The Vault) , Red (TV) , 0v4z1tuZvn6LGknom9Qx7d , 2021-11-12,spotify:track:0v4z1tuZvn6LGknom9Qx7d,Red (TV),Babe (TV) (From The Vault),12/11/2021,Red (TV)
Taylor Swift , Message In A Bottle (TV) (From The Vault) , Red (TV) , 3z6XUommYDWPHeFhmhhT6j , 2021-11-12,spotify:track:3z6XUommYDWPHeFhmhhT6j,Red (TV),Message In A Bottle (TV) (From The Vault),12/11/2021,Red (TV)
Taylor Swift; Chris Stapleton , I Bet You Think About Me (feat. Chris Stapleton) (TV) (From The Vault) , Red (TV) , 4CkgMiMqZ5JzW9iYXSTMTL , 2021-11-12,spotify:track:4CkgMiMqZ5JzW9iYXSTMTL,Red (TV),I Bet You Think About Me (feat. Chris Stapleton) (TV) (From The Vault),12/11/2021,Red (TV)
Taylor Swift , Forever Winter (TV) (From The Vault) , Red (TV) , 3oGVx9RBmiYGv5ZCecWLkx , 2021-11-12,spotify:track:3oGVx9RBmiYGv5ZCecWLkx,Red (TV),Forever Winter (TV) (From The Vault),12/11/2021,Red (TV)
Taylor Swift; Ed Sheeran , Run (feat. Ed Sheeran) (TV) (From The Vault) , Red (TV) , 4IQkfUsrwXol38VV3U7t7T , 2021-11-12,spotify:track:4IQkfUsrwXol38VV3U7t7T,Red (TV),Run (feat. Ed Sheeran) (TV) (From The Vault),12/11/2021,Red (TV)
Taylor Swift , The Very First Night (TV) (From The Vault) , Red (TV) , 6pYNq0ZwpPVazKzsqpf0G8 , 2021-11-12,spotify:track:6pYNq0ZwpPVazKzsqpf0G8,Red (TV),The Very First Night (TV) (From The Vault),12/11/2021,Red (TV)
Taylor Swift , All Too Well (10 Minute Version) (TV) (From The Vault) , Red (TV) , 5enxwA8aAbwZbf5qCHORXi , 2021-11-12,spotify:track:5enxwA8aAbwZbf5qCHORXi,Red (TV),All Too Well (10 Minute Version) (TV) (From The Vault),12/11/2021,Red (TV)
Taylor Swift; Joy Williams; John Paul White , Safe & Sound (feat. Joy Williams and John Paul White) (TV) , Safe & Sound (TV) , 2RJnNdu4pb3MypbBroHU0T , 2021-11-12,spotify:track:2RJnNdu4pb3MypbBroHU0T,MISC,Safe & Sound (feat. Joy Williams and John Paul White) (TV),12/11/2021,Safe & Sound (TV)
Taylor Swift , Eyes Open (TV) , Eyes Open (TV) , 2NIBaWXdjaTDmytjjwbEfP , 2021-11-12,spotify:track:2NIBaWXdjaTDmytjjwbEfP,MISC,Eyes Open (TV),12/11/2021,Eyes Open (TV)
Taylor Swift , All Too Well (Sad Girl Autumn Version), All Too Well (Sad Girl Autumn Version), 1n3b9Eekoy3S9ZSZ5DmTW1 , 2021-11-18,spotify:track:1n3b9Eekoy3S9ZSZ5DmTW1,Red (TV),All Too Well (Sad Girl Autumn Version),18/11/2021,All Too Well (Sad Girl Autumn Version)
Ed Sheeran; Taylor Swift , The Joker And The Queen (feat. Taylor Swift) , The Joker And The Queen (feat. Taylor Swift) , 6N1K5OVVCopBjGViHs2IvP , 2022-02-11,spotify:track:6N1K5OVVCopBjGViHs2IvP,MISC,The Joker And The Queen (feat. Taylor Swift),11/02/2022,The Joker And The Queen (feat. Taylor Swift)
Taylor Swift ," Carolina - ""Where The Crawdads Sing"" - Video Edition "," Carolina (From The Motion Picture ""Where The Crawdads Sing"") ", 12xIjI9A9UlB6zEc7kyZ06 , 2022-06-24,spotify:track:12xIjI9A9UlB6zEc7kyZ06,MISC,"Carolina - ""Where The Crawdads Sing"" - Video Edition",24/06/2022,"Carolina (From The Motion Picture ""Where The Crawdads Sing"")"
Taylor Swift , Lavender Haze , Midnights , 5jQI2r1RdgtuT8S3iG8zFC , 2022-10-21,spotify:track:5jQI2r1RdgtuT8S3iG8zFC,Midnights,Lavender Haze,21/10/2022,Midnights
Taylor Swift , Maroon , Midnights , 3eX0NZfLtGzoLUxPNvRfqm , 2022-10-21,spotify:track:3eX0NZfLtGzoLUxPNvRfqm,Midnights,Maroon,21/10/2022,Midnights
Taylor Swift , Anti-Hero , Midnights , 0V3wPSX9ygBnCm8psDIegu , 2022-10-21,spotify:track:0V3wPSX9ygBnCm8psDIegu,Midnights,Anti-Hero,21/10/2022,Midnights
Taylor Swift; Lana Del Rey , Snow On The Beach (feat. Lana Del Rey) , Midnights , 1wtOxkiel43cVs0Yux5Q4h , 2022-10-21,spotify:track:1wtOxkiel43cVs0Yux5Q4h,Midnights,Snow On The Beach (feat. Lana Del Rey),21/10/2022,Midnights
Taylor Swift , Midnight Rain , Midnights , 3rWDp9tBPQR9z6U5YyRSK4 , 2022-10-21,spotify:track:3rWDp9tBPQR9z6U5YyRSK4,Midnights,Midnight Rain,21/10/2022,Midnights
Taylor Swift , Question...? , Midnights , 0heeNYlwOGuUSe7TgUD27B , 2022-10-21,spotify:track:0heeNYlwOGuUSe7TgUD27B,Midnights,Question...?,21/10/2022,Midnights
Taylor Swift , Vigilante Shit , Midnights , 1xwAWUI6Dj0WGC3KiUPN0O , 2022-10-21,spotify:track:1xwAWUI6Dj0WGC3KiUPN0O,Midnights,Vigilante Shit,21/10/2022,Midnights
Taylor Swift , Bejeweled , Midnights , 3qoftcUZaUOncvIYjFSPdE , 2022-10-21,spotify:track:3qoftcUZaUOncvIYjFSPdE,Midnights,Bejeweled,21/10/2022,Midnights
Taylor Swift , Labyrinth , Midnights , 0A1JLUlkZkp2EFrosoNQi0 , 2022-10-21,spotify:track:0A1JLUlkZkp2EFrosoNQi0,Midnights,Labyrinth,21/10/2022,Midnights
Taylor Swift , Karma , Midnights , 7KokYm8cMIXCsGVmUvKtqf , 2022-10-21,spotify:track:7KokYm8cMIXCsGVmUvKtqf,Midnights,Karma,21/10/2022,Midnights
Taylor Swift , Sweet Nothing , Midnights , 0wavGRldH0AWyu2zvTz8zb , 2022-10-21,spotify:track:0wavGRldH0AWyu2zvTz8zb,Midnights,Sweet Nothing,21/10/2022,Midnights
Taylor Swift , Mastermind , Midnights , 7FmYn9e7KHMXcxqGSj9LjH , 2022-10-21,spotify:track:7FmYn9e7KHMXcxqGSj9LjH,Midnights,Mastermind,21/10/2022,Midnights
Taylor Swift ," You're On Your Own, Kid", Midnights , 4D7BCuvgdJlYvlX5WlN54t , 2022-10-21,spotify:track:4D7BCuvgdJlYvlX5WlN54t,Midnights,"You're On Your Own, Kid",21/10/2022,Midnights
Taylor Swift , The Great War , Midnights (3am Edition) , 3UMrglJeju5yWyYIW6o99b , 2022-10-22,spotify:track:3UMrglJeju5yWyYIW6o99b,Midnights,The Great War,22/10/2022,Midnights (3am Edition)
Taylor Swift , Bigger Than The Whole Sky , Midnights (3am Edition) , 0BiqmkasE5FdrChwKfVp8X , 2022-10-22,spotify:track:0BiqmkasE5FdrChwKfVp8X,Midnights,Bigger Than The Whole Sky,22/10/2022,Midnights (3am Edition)
Taylor Swift , Paris , Midnights (3am Edition) , 7712gjoih4QoDbXpljEk21 , 2022-10-22,spotify:track:7712gjoih4QoDbXpljEk21,Midnights,Paris,22/10/2022,Midnights (3am Edition)
Taylor Swift , High Infidelity , Midnights (3am Edition) , 5kiZGSxgqPdv6rbqL9THdd , 2022-10-22,spotify:track:5kiZGSxgqPdv6rbqL9THdd,Midnights,High Infidelity,22/10/2022,Midnights (3am Edition)
Taylor Swift , Glitch , Midnights (3am Edition) , 6wAFvJPpTZVirBKGZ4EnMW , 2022-10-22,spotify:track:6wAFvJPpTZVirBKGZ4EnMW,Midnights,Glitch,22/10/2022,Midnights (3am Edition)
Taylor Swift , Dear Reader , Midnights (3am Edition) , 3QF5RsWzK1lCvf2o2cY65P , 2022-10-22,spotify:track:3QF5RsWzK1lCvf2o2cY65P,Midnights,Dear Reader,22/10/2022,Midnights (3am Edition)
Taylor Swift ," Would've, Could've, Should've", Midnights (3am Edition) , 0aV5uARAknQgYhBaK944FP , 2022-10-22,spotify:track:0aV5uARAknQgYhBaK944FP,Midnights,"Would've, Could've, Should've",22/10/2022,Midnights (3am Edition)
Taylor Swift; Bleachers , Anti-Hero (feat. Bleachers) , Anti-Hero (feat. Bleachers) , 0j0gJqxitjhmmkrW56dtQH , 2022-11-08,spotify:track:0j0gJqxitjhmmkrW56dtQH,MISC,Anti-Hero (feat. Bleachers),08/11/2022,Anti-Hero (feat. Bleachers)
The National; Taylor Swift , The Alcott (The National feat. Taylor Swift) , First Two Pages of Frankenstein , 6INztpNwOTlfSKTuPo0HOP , 2023-04-28,spotify:track:6INztpNwOTlfSKTuPo0HOP,MISC,The Alcott (The National feat. Taylor Swift),28/04/2023,First Two Pages of Frankenstein
Taylor Swift , Hits Different , Midnights (The Til Dawn Edition) , 3xYJScVfxByb61dYHTwiby , 2023-05-26,spotify:track:3xYJScVfxByb61dYHTwiby,Midnights,Hits Different,26/05/2023,Midnights (The Til Dawn Edition)
Taylor Swift; Lana Del Rey , Snow On The Beach (feat. More Lana Del Rey) , Midnights (The Til Dawn Edition) , 4zmKGsrXjLmljb5fTaBTot , 2023-05-26,spotify:track:4zmKGsrXjLmljb5fTaBTot,Midnights,Snow On The Beach (feat. More Lana Del Rey),26/05/2023,Midnights (The Til Dawn Edition)
Taylor Swift; Ice Spice , Karma (feat. Ice Spice) , Midnights (The Til Dawn Edition) , 4i6cwNY6oIUU2XZxPIw82Y , 2023-05-26,spotify:track:4i6cwNY6oIUU2XZxPIw82Y,Midnights,Karma (feat. Ice Spice),26/05/2023,Midnights (The Til Dawn Edition)
Taylor Swift , Mine (TV) , Speak Now (TV) , 7G0gBu6nLdhFDPRLc0HdDG , 2023-07-07,spotify:track:7G0gBu6nLdhFDPRLc0HdDG,Speak Now (TV),Mine (TV),07/07/2023,Speak Now (TV)
Taylor Swift , Sparks Fly (TV) , Speak Now (TV) , 3MytWN8L7shNYzGl4tAKRp , 2023-07-07,spotify:track:3MytWN8L7shNYzGl4tAKRp,Speak Now (TV),Sparks Fly (TV),07/07/2023,Speak Now (TV)
Taylor Swift , Back To December (TV) , Speak Now (TV) , 79uDOz0zuuWS7HWxzMmTa2 , 2023-07-07,spotify:track:79uDOz0zuuWS7HWxzMmTa2,Speak Now (TV),Back To December (TV),07/07/2023,Speak Now (TV)
Taylor Swift , Speak Now (TV) , Speak Now (TV) , 5xXqyjLicvEpch72qEryFT , 2023-07-07,spotify:track:5xXqyjLicvEpch72qEryFT,Speak Now (TV),Speak Now (TV),07/07/2023,Speak Now (TV)
Taylor Swift , Dear John (TV) , Speak Now (TV) , 1zU8j1x3yi9xalMF96pzKp , 2023-07-07,spotify:track:1zU8j1x3yi9xalMF96pzKp,Speak Now (TV),Dear John (TV),07/07/2023,Speak Now (TV)
Taylor Swift , Mean (TV) , Speak Now (TV) , 30Y4CV7A6YqtQtTTo7Ue4j , 2023-07-07,spotify:track:30Y4CV7A6YqtQtTTo7Ue4j,Speak Now (TV),Mean (TV),07/07/2023,Speak Now (TV)
Taylor Swift , The Story Of Us (TV) , Speak Now (TV) , 6dTA6y0C2ReQklntzZl8l3 , 2023-07-07,spotify:track:6dTA6y0C2ReQklntzZl8l3,Speak Now (TV),The Story Of Us (TV),07/07/2023,Speak Now (TV)
Taylor Swift , Never Grow Up (TV) , Speak Now (TV) , 2EFZ9emtKWEglWUQGEQ3P9 , 2023-07-07,spotify:track:2EFZ9emtKWEglWUQGEQ3P9,Speak Now (TV),Never Grow Up (TV),07/07/2023,Speak Now (TV)
Taylor Swift , Enchanted (TV) , Speak Now (TV) , 3sW3oSbzsfecv9XoUdGs7h , 2023-07-07,spotify:track:3sW3oSbzsfecv9XoUdGs7h,Speak Now (TV),Enchanted (TV),07/07/2023,Speak Now (TV)
Taylor Swift , Better Than Revenge (TV) , Speak Now (TV) , 0NwGC0v03ysCYINtg6ns58 , 2023-07-07,spotify:track:0NwGC0v03ysCYINtg6ns58,Speak Now (TV),Better Than Revenge (TV),07/07/2023,Speak Now (TV)
Taylor Swift , Innocent (TV) , Speak Now (TV) , 12nBPF4Rh4XLFJV0YLN7uj , 2023-07-07,spotify:track:12nBPF4Rh4XLFJV0YLN7uj,Speak Now (TV),Innocent (TV),07/07/2023,Speak Now (TV)
Taylor Swift , Haunted (TV) , Speak Now (TV) , 4tMzIAFTFdqGBQLdfbPces , 2023-07-07,spotify:track:4tMzIAFTFdqGBQLdfbPces,Speak Now (TV),Haunted (TV),07/07/2023,Speak Now (TV)
Taylor Swift , Last Kiss (TV) , Speak Now (TV) , 59KOoHFcw5XfICnO57holu , 2023-07-07,spotify:track:59KOoHFcw5XfICnO57holu,Speak Now (TV),Last Kiss (TV),07/07/2023,Speak Now (TV)
Taylor Swift , Long Live (TV) , Speak Now (TV) , 4hqJ4bSlYJOXb6Z4SRmzxs , 2023-07-07,spotify:track:4hqJ4bSlYJOXb6Z4SRmzxs,Speak Now (TV),Long Live (TV),07/07/2023,Speak Now (TV)
Taylor Swift , Ours (TV) , Speak Now (TV) , 3yNJkriPzWjkkDAWHIAVUq , 2023-07-07,spotify:track:3yNJkriPzWjkkDAWHIAVUq,Speak Now (TV),Ours (TV),07/07/2023,Speak Now (TV)
Taylor Swift , Superman (TV) , Speak Now (TV) , 4evLyY5Ue1Wesc61t2KXAU , 2023-07-07,spotify:track:4evLyY5Ue1Wesc61t2KXAU,Speak Now (TV),Superman (TV),07/07/2023,Speak Now (TV)
Taylor Swift; Fall Out Boy , Electric Touch (feat. Fall Out Boy) (TV) (From The Vault) , Speak Now (TV) , 4e3ZNTAV6PCrdYMUrUlMpQ , 2023-07-07,spotify:track:4e3ZNTAV6PCrdYMUrUlMpQ,Speak Now (TV),Electric Touch (feat. Fall Out Boy) (TV) (From The Vault),07/07/2023,Speak Now (TV)
Taylor Swift , When Emma Falls in Love (TV) (From The Vault) , Speak Now (TV) , 0zo975x58DlXbZllWvfYhg , 2023-07-07,spotify:track:0zo975x58DlXbZllWvfYhg,Speak Now (TV),When Emma Falls in Love (TV) (From The Vault),07/07/2023,Speak Now (TV)
Taylor Swift , I Can See You (TV) (From The Vault) , Speak Now (TV) , 5kHMfzgLZP95O9NBy0ku4v , 2023-07-07,spotify:track:5kHMfzgLZP95O9NBy0ku4v,Speak Now (TV),I Can See You (TV) (From The Vault),07/07/2023,Speak Now (TV)
Taylor Swift; Hayley Williams , Castles Crumbling (feat. Hayley Williams) (TV) (From The Vault) , Speak Now (TV) , 4ABYxlb92WBIjHu7TIKmml , 2023-07-07,spotify:track:4ABYxlb92WBIjHu7TIKmml,Speak Now (TV),Castles Crumbling (feat. Hayley Williams) (TV) (From The Vault),07/07/2023,Speak Now (TV)
Taylor Swift , Foolish One (TV) (From The Vault) , Speak Now (TV) , 4s8BIKx4Zh6ryAEz8RTlaU , 2023-07-07,spotify:track:4s8BIKx4Zh6ryAEz8RTlaU,Speak Now (TV),Foolish One (TV) (From The Vault),07/07/2023,Speak Now (TV)
Taylor Swift , Timeless (TV) (From The Vault) , Speak Now (TV) , 1HCdems7PQZRj42QDWLA0A , 2023-07-07,spotify:track:1HCdems7PQZRj42QDWLA0A,Speak Now (TV),Timeless (TV) (From The Vault),07/07/2023,Speak Now (TV)
Taylor Swift , Cruel Summer - Live from TS | The Eras Tour , The Cruelest Summer , 6ClYMObS7f3Nn4AiZHYQt3 , 2023-10-19,spotify:track:6ClYMObS7f3Nn4AiZHYQt3,MISC,Cruel Summer - Live from TS | The Eras Tour,19/10/2023,The Cruelest Summer
Taylor Swift , Welcome To New York (TV) , 1989 (TV) , 1hR8BSuEqPCCZfv93zzzz9 , 2023-10-26,spotify:track:1hR8BSuEqPCCZfv93zzzz9,1989 (TV),Welcome To New York (TV),26/10/2023,1989 (TV)
Taylor Swift , Blank Space (TV) , 1989 (TV) , 45wMBGri1PORPjM9PwFfrS , 2023-10-26,spotify:track:45wMBGri1PORPjM9PwFfrS,1989 (TV),Blank Space (TV),26/10/2023,1989 (TV)
Taylor Swift , Style (TV) , 1989 (TV) , 1hjRhYpWyqDpPahmSlUTlc , 2023-10-26,spotify:track:1hjRhYpWyqDpPahmSlUTlc,1989 (TV),Style (TV),26/10/2023,1989 (TV)
Taylor Swift , Out Of The Woods (TV) , 1989 (TV) , 045ZeOHPIzhxxsm8bq5kyE , 2023-10-26,spotify:track:045ZeOHPIzhxxsm8bq5kyE,1989 (TV),Out Of The Woods (TV),26/10/2023,1989 (TV)
Taylor Swift , All You Had To Do Was Stay (TV) , 1989 (TV) , 6GXgd1BPD9bUpqw5AntGV5 , 2023-10-26,spotify:track:6GXgd1BPD9bUpqw5AntGV5,1989 (TV),All You Had To Do Was Stay (TV),26/10/2023,1989 (TV)
Taylor Swift , Shake It Off (TV) , 1989 (TV) , 3pv7Q5v2dpdefwdWIvE7yH , 2023-10-26,spotify:track:3pv7Q5v2dpdefwdWIvE7yH,1989 (TV),Shake It Off (TV),26/10/2023,1989 (TV)
Taylor Swift , I Wish You Would (TV) , 1989 (TV) , 43y1WpBdnEy5TR9aZoSQL9 , 2023-10-26,spotify:track:43y1WpBdnEy5TR9aZoSQL9,1989 (TV),I Wish You Would (TV),26/10/2023,1989 (TV)
Taylor Swift , Bad Blood (TV) , 1989 (TV) , 64FzgoLZ3oXu2SriZblHic , 2023-10-26,spotify:track:64FzgoLZ3oXu2SriZblHic,1989 (TV),Bad Blood (TV),26/10/2023,1989 (TV)
Taylor Swift , Wildest Dreams (TV) , 1989 (TV) , 1K39ty6o1sHwwlZwO6a7wK , 2023-10-26,spotify:track:1K39ty6o1sHwwlZwO6a7wK,1989 (TV),Wildest Dreams (TV),26/10/2023,1989 (TV)
Taylor Swift , How You Get The Girl (TV) , 1989 (TV) , 75W3SngKzTuoQ94uLf3y82 , 2023-10-26,spotify:track:75W3SngKzTuoQ94uLf3y82,1989 (TV),How You Get The Girl (TV),26/10/2023,1989 (TV)
Taylor Swift , This Love (TV) , 1989 (TV) , 5QVVjX0ZItqlVpEuVCM9Yg , 2023-10-26,spotify:track:5QVVjX0ZItqlVpEuVCM9Yg,1989 (TV),This Love (TV),26/10/2023,1989 (TV)
Taylor Swift , I Know Places (TV) , 1989 (TV) , 2f0GI2ZLUtbGqFx8t2Gk6A , 2023-10-26,spotify:track:2f0GI2ZLUtbGqFx8t2Gk6A,1989 (TV),I Know Places (TV),26/10/2023,1989 (TV)
Taylor Swift , Clean (TV) , 1989 (TV) , 2ByBBvpR9b7IynvRmnG7kG , 2023-10-26,spotify:track:2ByBBvpR9b7IynvRmnG7kG,1989 (TV),Clean (TV),26/10/2023,1989 (TV)
Taylor Swift , Wonderland (TV) , 1989 (TV) , 2ve0kuaWUCt4Zx8x4bf1MR , 2023-10-26,spotify:track:2ve0kuaWUCt4Zx8x4bf1MR,1989 (TV),Wonderland (TV),26/10/2023,1989 (TV)
Taylor Swift , You Are In Love (TV) , 1989 (TV) , 4UwqOWDpdeIDVQDuKT6iza , 2023-10-26,spotify:track:4UwqOWDpdeIDVQDuKT6iza,1989 (TV),You Are In Love (TV),26/10/2023,1989 (TV)
Taylor Swift , New Romantics (TV) , 1989 (TV) , 2vPMoMDXxu9uX1igWZmXSG , 2023-10-26,spotify:track:2vPMoMDXxu9uX1igWZmXSG,1989 (TV),New Romantics (TV),26/10/2023,1989 (TV)
Taylor Swift ," ""Slut!"" (TV) (From The Vault) ", 1989 (TV) , 71BqAINEnezjQfxE4VuJfq , 2023-10-26,spotify:track:71BqAINEnezjQfxE4VuJfq,1989 (TV),"""Slut!"" (TV) (From The Vault)",26/10/2023,1989 (TV)
Taylor Swift , Say Don't Go (TV) (From The Vault) , 1989 (TV) , 4NioO5R9sHEZh4cGzMHyNt , 2023-10-26,spotify:track:4NioO5R9sHEZh4cGzMHyNt,1989 (TV),Say Don't Go (TV) (From The Vault),26/10/2023,1989 (TV)
Taylor Swift , Now That We Don't Talk (TV) (From The Vault) , 1989 (TV) , 5KD6AEm19QnMbfWpfoOHMl , 2023-10-26,spotify:track:5KD6AEm19QnMbfWpfoOHMl,1989 (TV),Now That We Don't Talk (TV) (From The Vault),26/10/2023,1989 (TV)
Taylor Swift , Suburban Legends (TV) (From The Vault) , 1989 (TV) , 6T0sEnqjmHISIKwFETeeiP , 2023-10-26,spotify:track:6T0sEnqjmHISIKwFETeeiP,1989 (TV),Suburban Legends (TV) (From The Vault),26/10/2023,1989 (TV)
Taylor Swift , Is It Over Now? (TV) (From The Vault) , 1989 (TV) , 1Iq8oo9XkmmvCQiGOfORiz , 2023-10-26,spotify:track:1Iq8oo9XkmmvCQiGOfORiz,1989 (TV),Is It Over Now? (TV) (From The Vault),26/10/2023,1989 (TV)
Taylor Swift; Kendrick Lamar , Bad Blood (feat. Kendrick Lamar) (TV) , 1989 (TV) [Deluxe] , 6qAcApH8obo8eqatCKUHd9 , 2023-10-27,spotify:track:6qAcApH8obo8eqatCKUHd9,1989 (TV),Bad Blood (feat. Kendrick Lamar) (TV),27/10/2023,1989 (TV) [Deluxe]
Taylor Swift , You're Losing Me (From The Vault) , You're Losing Me (From The Vault) , 3CWq0pAKKTWb0K4yiglDc4 , 2023-11-29,spotify:track:3CWq0pAKKTWb0K4yiglDc4,MISC,You're Losing Me (From The Vault),29/11/2023,You're Losing Me (From The Vault)
Taylor Swift; Post Malone , Fortnight (feat. Post Malone) , THE TORTURED POETS DEPARTMENT , 2OzhQlSqBEmt7hmkYxfT6m , 2024-04-18,spotify:track:2OzhQlSqBEmt7hmkYxfT6m,THE TORTURED POETS DEPARTMENT,Fortnight (feat. Post Malone),18/04/2024,THE TORTURED POETS DEPARTMENT
Taylor Swift , The Tortured Poets Department , THE TORTURED POETS DEPARTMENT , 3NMrVbIVWT3fPXBj0rNDKG , 2024-04-18,spotify:track:3NMrVbIVWT3fPXBj0rNDKG,THE TORTURED POETS DEPARTMENT,The Tortured Poets Department,18/04/2024,THE TORTURED POETS DEPARTMENT
Taylor Swift , My Boy Only Breaks His Favorite Toys , THE TORTURED POETS DEPARTMENT , 2XXwLdtuAcE0HSCu61ijAb , 2024-04-18,spotify:track:2XXwLdtuAcE0HSCu61ijAb,THE TORTURED POETS DEPARTMENT,My Boy Only Breaks His Favorite Toys,18/04/2024,THE TORTURED POETS DEPARTMENT
Taylor Swift , Down Bad , THE TORTURED POETS DEPARTMENT , 2F3N9tdombb64aW6VtZOdo , 2024-04-18,spotify:track:2F3N9tdombb64aW6VtZOdo,THE TORTURED POETS DEPARTMENT,Down Bad,18/04/2024,THE TORTURED POETS DEPARTMENT
Taylor Swift , But Daddy I Love Him , THE TORTURED POETS DEPARTMENT , 5og4Qzt92jJzVDkOtSEilb , 2024-04-18,spotify:track:5og4Qzt92jJzVDkOtSEilb,THE TORTURED POETS DEPARTMENT,But Daddy I Love Him,18/04/2024,THE TORTURED POETS DEPARTMENT
Taylor Swift , Fresh Out The Slammer , THE TORTURED POETS DEPARTMENT , 3fO566xJgwxIa3qGCGBvIC , 2024-04-18,spotify:track:3fO566xJgwxIa3qGCGBvIC,THE TORTURED POETS DEPARTMENT,Fresh Out The Slammer,18/04/2024,THE TORTURED POETS DEPARTMENT
Taylor Swift; Florence + The Machine , Florida!!! (feat. Florence + The Machine) , THE TORTURED POETS DEPARTMENT , 3ZVFcD8Wlw9T9klGqmJf9F , 2024-04-18,spotify:track:3ZVFcD8Wlw9T9klGqmJf9F,THE TORTURED POETS DEPARTMENT,Florida!!! (feat. Florence + The Machine),18/04/2024,THE TORTURED POETS DEPARTMENT
Taylor Swift , Guilty as Sin? , THE TORTURED POETS DEPARTMENT , 0W0iAC1VGlB82PI6elxFYf , 2024-04-18,spotify:track:0W0iAC1VGlB82PI6elxFYf,THE TORTURED POETS DEPARTMENT,Guilty as Sin?,18/04/2024,THE TORTURED POETS DEPARTMENT
Taylor Swift , Who's Afraid of Little Old Me? , THE TORTURED POETS DEPARTMENT , 36t6frENUtCYKuZus6aYDO , 2024-04-18,spotify:track:36t6frENUtCYKuZus6aYDO,THE TORTURED POETS DEPARTMENT,Who's Afraid of Little Old Me?,18/04/2024,THE TORTURED POETS DEPARTMENT
Taylor Swift , I Can Fix Him (No Really I Can) , THE TORTURED POETS DEPARTMENT , 2h3MDMf8sd9s4XIzpTBIjX , 2024-04-18,spotify:track:2h3MDMf8sd9s4XIzpTBIjX,THE TORTURED POETS DEPARTMENT,I Can Fix Him (No Really I Can),18/04/2024,THE TORTURED POETS DEPARTMENT
Taylor Swift , loml , THE TORTURED POETS DEPARTMENT , 6RSG1dKPV5gEvILwJb4QtS , 2024-04-18,spotify:track:6RSG1dKPV5gEvILwJb4QtS,THE TORTURED POETS DEPARTMENT,loml,18/04/2024,THE TORTURED POETS DEPARTMENT
Taylor Swift , I Can Do It With a Broken Heart , THE TORTURED POETS DEPARTMENT , 4q5YezDOIPcoLr8R81x9qy , 2024-04-18,spotify:track:4q5YezDOIPcoLr8R81x9qy,THE TORTURED POETS DEPARTMENT,I Can Do It With a Broken Heart,18/04/2024,THE TORTURED POETS DEPARTMENT
Taylor Swift , The Smallest Man Who Ever Lived , THE TORTURED POETS DEPARTMENT , 2v1ivOOsgn64g5OywuH55L , 2024-04-18,spotify:track:2v1ivOOsgn64g5OywuH55L,THE TORTURED POETS DEPARTMENT,The Smallest Man Who Ever Lived,18/04/2024,THE TORTURED POETS DEPARTMENT
Taylor Swift , The Alchemy , THE TORTURED POETS DEPARTMENT , 1dhMTsEZz6ZEquGvmzVoHn , 2024-04-18,spotify:track:1dhMTsEZz6ZEquGvmzVoHn,THE TORTURED POETS DEPARTMENT,The Alchemy,18/04/2024,THE TORTURED POETS DEPARTMENT
Taylor Swift , Clara Bow , THE TORTURED POETS DEPARTMENT , 1UlhrRvYzbHEyugEDspXUB , 2024-04-18,spotify:track:1UlhrRvYzbHEyugEDspXUB,THE TORTURED POETS DEPARTMENT,Clara Bow,18/04/2024,THE TORTURED POETS DEPARTMENT
Taylor Swift ," So Long, London", THE TORTURED POETS DEPARTMENT , 3Vevii7qKqrmW8CcyzBHDl , 2024-04-18,spotify:track:3Vevii7qKqrmW8CcyzBHDl,THE TORTURED POETS DEPARTMENT,"So Long, London",18/04/2024,THE TORTURED POETS DEPARTMENT
Taylor Swift , The Black Dog , THE TORTURED POETS DEPARTMENT: THE ANTHOLOGY , 62E2nR0od0M5HYxuYLaDz7 , 2024-04-19,spotify:track:62E2nR0od0M5HYxuYLaDz7,THE TORTURED POETS DEPARTMENT: THE ANTHOLOGY,The Black Dog,19/04/2024,THE TORTURED POETS DEPARTMENT: THE ANTHOLOGY
Taylor Swift , imgonnagetyouback , THE TORTURED POETS DEPARTMENT: THE ANTHOLOGY , 1kcwpPDQnqEqmezzXdJTCP , 2024-04-19,spotify:track:1kcwpPDQnqEqmezzXdJTCP,THE TORTURED POETS DEPARTMENT: THE ANTHOLOGY,imgonnagetyouback,19/04/2024,THE TORTURED POETS DEPARTMENT: THE ANTHOLOGY
Taylor Swift , The Albatross , THE TORTURED POETS DEPARTMENT: THE ANTHOLOGY , 4EF6IyONolQy0bIQXm2EmX , 2024-04-19,spotify:track:4EF6IyONolQy0bIQXm2EmX,THE TORTURED POETS DEPARTMENT: THE ANTHOLOGY,The Albatross,19/04/2024,THE TORTURED POETS DEPARTMENT: THE ANTHOLOGY
Taylor Swift , Chloe or Sam or Sophia or Marcus , THE TORTURED POETS DEPARTMENT: THE ANTHOLOGY , 1rmEsOezwf2lmIZTMAO5Ag , 2024-04-19,spotify:track:1rmEsOezwf2lmIZTMAO5Ag,THE TORTURED POETS DEPARTMENT: THE ANTHOLOGY,Chloe or Sam or Sophia or Marcus,19/04/2024,THE TORTURED POETS DEPARTMENT: THE ANTHOLOGY
Taylor Swift , How Did It End? , THE TORTURED POETS DEPARTMENT: THE ANTHOLOGY , 5Bedn0svl0ZD7RGmJkmKKw , 2024-04-19,spotify:track:5Bedn0svl0ZD7RGmJkmKKw,THE TORTURED POETS DEPARTMENT: THE ANTHOLOGY,How Did It End?,19/04/2024,THE TORTURED POETS DEPARTMENT: THE ANTHOLOGY
Taylor Swift , So High School , THE TORTURED POETS DEPARTMENT: THE ANTHOLOGY , 7Mts0OfPorF4iwOomvfqn1 , 2024-04-19,spotify:track:7Mts0OfPorF4iwOomvfqn1,THE TORTURED POETS DEPARTMENT: THE ANTHOLOGY,So High School,19/04/2024,THE TORTURED POETS DEPARTMENT: THE ANTHOLOGY
Taylor Swift , I Hate It Here , THE TORTURED POETS DEPARTMENT: THE ANTHOLOGY , 3hlGuz3loYoLfI3bpwieWq , 2024-04-19,spotify:track:3hlGuz3loYoLfI3bpwieWq,THE TORTURED POETS DEPARTMENT: THE ANTHOLOGY,I Hate It Here,19/04/2024,THE TORTURED POETS DEPARTMENT: THE ANTHOLOGY
Taylor Swift , thanK you aIMee , THE TORTURED POETS DEPARTMENT: THE ANTHOLOGY , 7ogK4lJDVDMU6A6vYR5rvD , 2024-04-19,spotify:track:7ogK4lJDVDMU6A6vYR5rvD,THE TORTURED POETS DEPARTMENT: THE ANTHOLOGY,thanK you aIMee,19/04/2024,THE TORTURED POETS DEPARTMENT: THE ANTHOLOGY
Taylor Swift , I Look in People's Windows , THE TORTURED POETS DEPARTMENT: THE ANTHOLOGY , 1Zai5UJ2di3qEuR2HeT2s8 , 2024-04-19,spotify:track:1Zai5UJ2di3qEuR2HeT2s8,THE TORTURED POETS DEPARTMENT: THE ANTHOLOGY,I Look in People's Windows,19/04/2024,THE TORTURED POETS DEPARTMENT: THE ANTHOLOGY
Taylor Swift , The Prophecy , THE TORTURED POETS DEPARTMENT: THE ANTHOLOGY , 18WFFUIsewmA8g31KAeo3e , 2024-04-19,spotify:track:18WFFUIsewmA8g31KAeo3e,THE TORTURED POETS DEPARTMENT: THE ANTHOLOGY,The Prophecy,19/04/2024,THE TORTURED POETS DEPARTMENT: THE ANTHOLOGY
Taylor Swift , Cassandra , THE TORTURED POETS DEPARTMENT: THE ANTHOLOGY , 0g4fMVo4JjwnIpTfFfLdxS , 2024-04-19,spotify:track:0g4fMVo4JjwnIpTfFfLdxS,THE TORTURED POETS DEPARTMENT: THE ANTHOLOGY,Cassandra,19/04/2024,THE TORTURED POETS DEPARTMENT: THE ANTHOLOGY
Taylor Swift , Peter , THE TORTURED POETS DEPARTMENT: THE ANTHOLOGY , 3zMDGj4D8ogaYgAIZPeU7S , 2024-04-19,spotify:track:3zMDGj4D8ogaYgAIZPeU7S,THE TORTURED POETS DEPARTMENT: THE ANTHOLOGY,Peter,19/04/2024,THE TORTURED POETS DEPARTMENT: THE ANTHOLOGY
Taylor Swift , The Bolter , THE TORTURED POETS DEPARTMENT: THE ANTHOLOGY , 2913xXOVAIDAqxzV2g4VcU , 2024-04-19,spotify:track:2913xXOVAIDAqxzV2g4VcU,THE TORTURED POETS DEPARTMENT: THE ANTHOLOGY,The Bolter,19/04/2024,THE TORTURED POETS DEPARTMENT: THE ANTHOLOGY
Taylor Swift , Robin , THE TORTURED POETS DEPARTMENT: THE ANTHOLOGY , 2CnjDMdpRjlWv04Xk3s6MW , 2024-04-19,spotify:track:2CnjDMdpRjlWv04Xk3s6MW,THE TORTURED POETS DEPARTMENT: THE ANTHOLOGY,Robin,19/04/2024,THE TORTURED POETS DEPARTMENT: THE ANTHOLOGY
Taylor Swift , The Manuscript , THE TORTURED POETS DEPARTMENT: THE ANTHOLOGY , 1DTRUYVd8rYpla9hhVVwjo , 2024-04-19,spotify:track:1DTRUYVd8rYpla9hhVVwjo,THE TORTURED POETS DEPARTMENT: THE ANTHOLOGY,The Manuscript,19/04/2024,THE TORTURED POETS DEPARTMENT: THE ANTHOLOGY
Gracie Abrams; Taylor Swift , us. (Gracie Abrams feat. Taylor Swift) , The Secret of Us , 0hhzNPE68LWLfgZwdpxVdR , 2024-06-21,spotify:track:0hhzNPE68LWLfgZwdpxVdR,MISC,us. (Gracie Abrams feat. Taylor Swift),21/06/2024,The Secret of Us
Taylor Swift , The Fate of Ophelia , The Life of a Showgirl , 53iuhJlwXhSER5J2IYYv1W , 2025-10-03,spotify:track:53iuhJlwXhSER5J2IYYv1W,The Life of a Showgirl,The Fate of Ophelia,03/10/2025,The Life of a Showgirl
Taylor Swift , Elizabeth Taylor , The Life of a Showgirl , 1jgTiNob5cVyXeJ3WgX5bL , 2025-10-03,spotify:track:1jgTiNob5cVyXeJ3WgX5bL,The Life of a Showgirl,Elizabeth Taylor,03/10/2025,The Life of a Showgirl
Taylor Swift , Opalite , The Life of a Showgirl , 3yWuTOYDztXjZxdE2cIRUa , 2025-10-03,spotify:track:3yWuTOYDztXjZxdE2cIRUa,The Life of a Showgirl,Opalite,03/10/2025,The Life of a Showgirl
Taylor Swift , Father Figure , The Life of a Showgirl , 03bTIHJElXZ0O0jqOQvAbY , 2025-10-03,spotify:track:03bTIHJElXZ0O0jqOQvAbY,The Life of a Showgirl,Father Figure,03/10/2025,The Life of a Showgirl
Taylor Swift , Eldest Daughter , The Life of a Showgirl , 62HoDY1Km6lm47haFpUn9c , 2025-10-03,spotify:track:62HoDY1Km6lm47haFpUn9c,The Life of a Showgirl,Eldest Daughter,03/10/2025,The Life of a Showgirl
Taylor Swift , Ruin The Friendship , The Life of a Showgirl , 62V2ZHslgQV98gH4AuVXnr , 2025-10-03,spotify:track:62V2ZHslgQV98gH4AuVXnr,The Life of a Showgirl,Ruin The Friendship,03/10/2025,The Life of a Showgirl
Taylor Swift , Actually Romantic , The Life of a Showgirl , 2x3mwb96B6TquRqMtbxUE1 , 2025-10-03,spotify:track:2x3mwb96B6TquRqMtbxUE1,The Life of a Showgirl,Actually Romantic,03/10/2025,The Life of a Showgirl
Taylor Swift , Wi$h Li$t , The Life of a Showgirl , 2TEQvxxQabwLQMqWMg1qGu , 2025-10-03,spotify:track:2TEQvxxQabwLQMqWMg1qGu,The Life of a Showgirl,Wi$h Li$t,03/10/2025,The Life of a Showgirl
Taylor Swift , Wood , The Life of a Showgirl , 5ylJtmaWPJ33cW3En7WOu0 , 2025-10-03,spotify:track:5ylJtmaWPJ33cW3En7WOu0,The Life of a Showgirl,Wood,03/10/2025,The Life of a Showgirl
Taylor Swift , CANCELLED! , The Life of a Showgirl , 1appZ3c336FkPvCuywfmrs , 2025-10-03,spotify:track:1appZ3c336FkPvCuywfmrs,The Life of a Showgirl,CANCELLED!,03/10/2025,The Life of a Showgirl
Taylor Swift , Honey , The Life of a Showgirl , 4qmFC3Jz5aQ0erlk2OSi2X , 2025-10-03,spotify:track:4qmFC3Jz5aQ0erlk2OSi2X,The Life of a Showgirl,Honey,03/10/2025,The Life of a Showgirl
Taylor Swift; Sabrina Carpenter , The Life of a Showgirl (feat. Sabrina Carpenter) , The Life of a Showgirl , 5eXgqtg3T8Av0m1FUaGHex , 2025-10-03,spotify:track:5eXgqtg3T8Av0m1FUaGHex,The Life of a Showgirl,The Life of a Showgirl (feat. Sabrina Carpenter),03/10/2025,The Life of a Showgirl
